SMILES,chembl_car_pchembl
C#C[C@]1(O)CC[C@H]2[C@@H]3CCc4cc(O)ccc4[C@H]3CC[C@@]21C,5.56
C(=N\OC1Cc2ccccc2C1)/c1c(-c2ccc3ccccc3c2)nc2occn12,6.01
C(=N\OCc1ccccc1)/c1c(-c2ccc3ccccc3c2)nc2occn12,6.08
C/C=C/C[C@@H](C)[C@@H](O)[C@H]1C(=O)N[C@@H](CC)C(=O)N(C)CC(=O)N(C)[C@@H](CC(C)C)C(=O)N[C@@H](C(C)C)C(=O)N(C)[C@@H](CC(C)C)C(=O)N[C@@H](C)C(=O)N[C@H](C)C(=O)N(C)[C@@H](CC(C)C)C(=O)N(C)[C@@H](CC(C)C)C(=O)N(C)[C@@H](C(C)C)C(=O)N1C,5.92
CC(/C=C1\SC(=S)N(CC(=O)O)C1=O)=C\c1ccccc1,5.44
CC(=O)N1CCN(c2ccc(OCC3COC(Cn4ccnc4)(c4ccc(Cl)cc4Cl)O3)cc2)CC1,5.3
CC(=O)Nc1cc(Cn2cc(-c3c(-c4ccc(Cl)cc4)nc4ccccn34)nn2)ccc1Cl,6.87
CC(=O)Nc1ccc(O)cc1,4.82
CC(=O)SCC(Cc1ccccc1)C(=O)NCC(=O)OCc1ccccc1,4.75
CC(=O)c1cc(Cn2cc(-c3c(-c4ccc(Cl)cc4)nc4ccccn34)nn2)ccc1Cl,9.0
CC(C)(C)OC(=O)Nc1ccc2c(c1)N(C(=O)CN1CCCCC1)c1ccccc1CC2,6.67
CC(C)(C)OC(=O)Nc1ccc2c(c1)N(C(=O)Cn1cccc1)c1ccccc1CC2,7.5
CC(C)(C)c1ccc(-c2nc3sccn3c2/C=N/OCc2ccc(Cl)c(Cl)c2)cc1,5.62
CC(C)(C)c1ccc(-c2nc3sccn3c2CNCCc2ccc(Cl)c(Cl)c2)cc1,5.0
CC(C)(C)c1ccc(CO/N=C/c2c(-c3ccc4ccccc4c3)nc3occn23)cc1,5.1
CC(C)Cc1ccc(C(C)C(=O)O)cc1,4.96
CC(C)OC(=O)Nc1ccc2c(c1)N(C(=O)CCN(C)C)c1ccccc1CC2,5.75
CC(C)OC(=O)Nc1ccc2c(c1)N(C(=O)CN1CCCCC1)c1ccccc1CC2,6.6
CC(C)OC(=O)Nc1ccc2c(c1)N(C(=O)COC1CC1)c1ccccc1CC2,7.09
CC(C)OC(=O)Nc1ccc2c(c1)N(C(=O)COC1CCC1)c1ccccc1CC2,7.42
CC(C)OC(=O)Nc1ccc2c(c1)N(C(=O)COC1CCCC1)c1ccccc1CC2,7.71
CC(C)OC(=O)Nc1ccc2c(c1)N(C(=O)COC1CCCCC1)c1ccccc1CC2,7.62
CC(C)OC(=O)Nc1ccc2c(c1)N(C(=O)COCC(C)(C)C)c1ccccc1CC2,7.67
CC(C)OC(=O)Nc1ccc2c(c1)N(C(=O)Cn1cccc1)c1ccccc1CC2,7.68
CC(C)OCC(=O)N1c2ccccc2CCc2ccc(NC(=O)OC(C)(C)C)cc21,6.94
CC(C)OCC(=O)N1c2ccccc2CCc2ccc(NC(=O)OC(C)C)cc21,7.22
CC(C)c1ccc(-c2nc3sccn3c2/C=N/OCc2ccc(Cl)c(Cl)c2)cc1,6.23
CC(c1ccccc1)n1cc(-c2c(-c3ccc(Cl)cc3)nc3ccccn23)nn1,7.25
CC1(C)S[C@@H]2[C@H](NC(=O)[C@H](N)c3ccc(O)cc3)C(=O)N2[C@H]1C(=O)O,4.82
CCC(=O)c1cc(Cn2cc(-c3c(-c4ccc(Cl)cc4)nc4ccccn34)nn2)ccc1Cl,7.02
CCC(C)(C)C(=O)O[C@H]1C[C@@H](C)C=C2C=C[C@H](C)[C@H](CC[C@@H]3C[C@@H](O)CC(=O)O3)[C@H]21,6.24
CCC(C)N(C)C(=O)c1cc2ccccc2c(-c2ccccc2Cl)n1,6.51
CCC(C)OCC(=O)N1c2ccccc2CCc2ccc(NC(=O)OC(C)C)cc21,7.45
CCC1=C(C)CN(C(=O)NCCc2ccc(S(=O)(=O)NC(=O)N[C@H]3CC[C@H](C)CC3)cc2)C1=O,4.89
CCCC(=O)Nc1ccc2c(c1)N(C(=O)CN(CC)CC)c1ccccc1CC2,5.63
CCCN(CCC)CC(=O)N1c2ccccc2CCc2ccc(NC(=O)OC(C)(C)C)cc21,6.82
CCCN(CCC)CC(=O)N1c2ccccc2CCc2ccc(NC(=O)OC(C)C)cc21,6.93
CCCN(CCC)CC(=O)N1c2ccccc2CCc2ccc(NC(=O)OCC)cc21,6.68
CCN(CC)CC(=O)N1c2ccccc2CCc2ccc(NC(=O)N(CC)CC)cc21,4.85
CCN(CC)CC(=O)N1c2ccccc2CCc2ccc(NC(=O)NC(C)(C)C)cc21,4.89
CCN(CC)CC(=O)N1c2ccccc2CCc2ccc(NC(=O)NC(C)C)cc21,5.31
CCN(CC)CC(=O)N1c2ccccc2CCc2ccc(NC(=O)OC(C)(C)C)cc21,5.99
CCN(CC)CC(=O)N1c2ccccc2CCc2ccc(NC(=O)OC(C)C)cc21,6.17
CCN(CC)CC(=O)N1c2ccccc2CCc2ccc(Nc3nnc(C)o3)cc21,4.73
CCN(CC)CCC(=O)N1c2ccccc2CCc2ccc(NC(=O)OC(C)C)cc21,5.19
CCNC(=O)Nc1ccc2c(c1)N(C(=O)CN(CC)CC)c1ccccc1CC2,4.84
CCNCC(=O)N1c2ccccc2CCc2ccc(NC(=O)OCC)cc21,4.61
CCNS(=O)(=O)Nc1ccc2c(c1)N(C(=O)CN(CC)CC)c1ccccc1CC2,4.72
CCOC(=O)Nc1ccc2c(c1)N(C(=O)CCN(C)C)c1ccccc1CC2,5.3
CCOC(=O)Nc1ccc2c(c1)N(C(=O)CCN(CC)CC)c1ccccc1CC2,5.61
CCOC(=O)Nc1ccc2c(c1)N(C(=O)CCN1CCCC1)c1ccccc1CC2,5.5
CCOC(=O)Nc1ccc2c(c1)N(C(=O)CCN1CCOCC1)c1ccccc1CC2,6.5
CCOC(=O)Nc1ccc2c(c1)N(C(=O)CN(C(C)C)C(C)C)c1ccccc1CC2,5.52
CCOC(=O)Nc1ccc2c(c1)N(C(=O)CN(C)C)c1ccccc1CC2,5.39
CCOC(=O)Nc1ccc2c(c1)N(C(=O)CN(CC)CC)c1ccccc1CC2,6.16
CCOC(=O)Nc1ccc2c(c1)N(C(=O)CN1C(=O)C=CC1=O)c1ccccc1CC2,4.4
CCOC(=O)Nc1ccc2c(c1)N(C(=O)CN1C(C)(C)CCCC1(C)C)c1ccccc1CC2,5.39
CCOC(=O)Nc1ccc2c(c1)N(C(=O)CN1C3CCC1CC3)c1ccccc1CC2,5.85
CCOC(=O)Nc1ccc2c(c1)N(C(=O)CN1CCCC1)c1ccccc1CC2,5.8
CCOC(=O)Nc1ccc2c(c1)N(C(=O)CN1CCCCC1)c1ccccc1CC2,6.21
CCOC(=O)Nc1ccc2c(c1)N(C(=O)CN1CCN(C)CC1)c1ccccc1CC2,4.41
CCOC(=O)Nc1ccc2c(c1)N(C(=O)CN1CCOCC1)c1ccccc1CC2,6.63
CCOC(=O)Nc1ccc2c(c1)N(C(=O)CNC(C)(C)C)c1ccccc1CC2,5.44
CCOC(=O)Nc1ccc2c(c1)N(C(=O)CNC(C)(C)CC)c1ccccc1CC2,5.69
CCOC(=O)Nc1ccc2c(c1)N(C(=O)COC(C)(C)C)c1ccccc1CC2,7.15
CCOC(=O)Nc1ccc2c(c1)N(C(=O)Cn1cccc1)c1ccccc1CC2,7.43
CCOC(=O)Nc1ccc2c(c1)N(C(=O)Cn1ccnc1)c1ccccc1CC2,5.16
CCOCC(=O)N1c2ccccc2CCc2ccc(NC(=O)OC(C)C)cc21,4.95
CCOc1cc(CC(=O)N[C@@H](CC(C)C)c2ccccc2N2CCCCC2)ccc1C(=O)O,5.3
CCc1nc2sccn2c1/C=N/OCc1ccc(Cl)c(Cl)c1,5.58
CCc1nc2sccn2c1CNCCc1ccc(Cl)c(Cl)c1,5.06
CN(C)C(=O)c1cc(Cn2cc(-c3c(-c4ccc(Cl)cc4)nc4ccccn34)nn2)ccc1Cl,5.965
CN(CCOc1ccc(CC2SC(=O)NC2=O)cc1)c1ccccn1,4.75
CN(CCc1ccc(Cl)c(Cl)c1)Cc1c(-c2ccc(Cl)cc2)nc2sccn12,5.96
CNC(=O)c1cc(Cn2cc(-c3c(-c4ccc(Cl)cc4)nc4ccccn34)nn2)ccc1Cl,5.795
CNC(=O)c1cc(Oc2ccc(NC(=O)Nc3ccc(Cl)c(C(F)(F)F)c3)c(F)c2)ccn1,4.62
COC(=O)Nc1ccc2c(c1)N(C(=O)CCN1CCOCC1)c1ccccc1CC2,6.54
COC(=O)c1cc(Cn2cc(-c3c(-c4ccc(Cl)cc4)nc4ccccn34)nn2)ccc1Cl,6.83
COCc1cc(Cn2cc(-c3c(-c4ccc(Cl)cc4)nc4ccccn34)nn2)ccc1Cl,7.825
CON(C)C(=O)c1cc(Cn2cc(-c3c(-c4ccc(Cl)cc4)nc4ccccn34)nn2)ccc1Cl,6.07
COc1cc(C(=O)NS(=O)(=O)c2ccccc2C)ccc1Cc1cn(C)c2ccc(NC(=O)OC3CCCC3)cc12,5.4
COc1ccc(-c2nc3sccn3c2/C=N/OCc2ccc(Cl)c(Cl)c2)cc1,6.31
COc1ccc(-c2nc3sccn3c2CNCCc2ccc(Cl)c(Cl)c2)cc1,6.17
COc1ccc(CCN(C)CCCC(C#N)(c2ccc(OC)c(OC)c2)C(C)C)cc1OC,4.68
COc1ccc(CO/N=C/c2c(-c3ccc4ccccc4c3)nc3occn23)cc1,5.36
COc1ccc(Cn2cc(-c3c(-c4ccc(Cl)cc4)nc4ccccn34)nn2)cc1,7.16
COc1ccc(Cn2cc(-c3c(-c4ccc(Cl)cc4)nc4ccccn34)nn2)cc1OC,7.72
COc1ccc(Cn2cc(-c3c(-c4ccc(Cl)cc4)nc4sccn34)nn2)cc1,6.18
COc1ccc(Cn2cc(-c3c(-c4ccc(Cl)cc4)nc4sccn34)nn2)cc1OC,6.595000000000001
COc1ccc2c(c1)C(=O)N(CCc1ccc(S(=O)(=O)NC(=O)NC3CCCCC3)cc1)C(=O)C2(C)C,5.32
COc1cccc(-c2nc(OC)c3ccccc3n2)c1,5.494999999999999
COc1cccc(-c2nc(SC)c3ccccc3n2)c1,5.34
COc1cccc(-c2nc3ccccc3c(=S)[nH]2)c1,5.6850000000000005
COc1ccccc1Oc1c(NS(=O)(=O)c2ccc(C(C)(C)C)cc2)nc(-c2ncccn2)nc1OCCO,5.68
COc1nc(-c2cccc(Cl)c2)nc2ccccc12,5.16
COc1nc2ccc([C@@](O)(c3ccccc3)C3CCN(C(C)=O)CC3)cc2c(Cl)c1Cc1ccc(-n2cccn2)cc1,5.08
CS(=O)(=O)c1ccc(Cn2cc(-c3c(-c4ccc(Cl)cc4)nc4ccccn34)nn2)cc1,6.785
CSc1ccc(Cn2cc(-c3c(-c4ccc(Cl)cc4)nc4ccccn34)nn2)cc1,6.76
CSc1nc(-c2cccc(C)c2)nc2ccccc12,4.98
C[C@@]12CCC[C@H]1[C@@H]1CC[C@H]3C[C@H](O)CC[C@]3(C)[C@H]1CC2,5.92
Cc1c(C(=O)NN2CCCCC2)nn(-c2ccc(Cl)cc2Cl)c1-c1ccc(Cl)cc1,5.18
Cc1c(C)c2c(c(C)c1O)CCC(C)(COc1ccc(CC3SC(=O)NC3=O)cc1)O2,5.47
Cc1cc2c(s1)Nc1ccccc1N=C2N1CCN(C)CC1,4.82
Cc1ccc(-c2nc3sccn3c2/C=N/OCc2ccc(Cl)c(Cl)c2)cc1,6.31
Cc1ccc(-c2nc3sccn3c2CNCCc2ccc(Cl)c(Cl)c2)cc1,6.36
Cc1ccc(C(=O)c2cc(O)c(O)c([N+](=O)[O-])c2)cc1,4.89
Cc1ccc(Nc2c(F)cccc2Cl)c(CC(=O)O)c1,6.26
Cc1cccc(-c2nc3ccccc3c(=S)[nH]2)c1,7.26
Cc1cccc(CN2CCN(C(c3ccccc3)c3ccc(Cl)cc3)CC2)c1.Cl.Cl,7.2
Cc1cn2c(CNCCc3ccc(Cl)c(Cl)c3)c(-c3ccc(Cl)cc3)nc2s1,5.66
Clc1ccc(-c2nc3ccccn3c2-c2cc(Cc3ccc(Cl)c(Cl)c3)no2)cc1,7.5
Clc1ccc(-c2nc3ccccn3c2-c2cccn2Cc2ccc(Cl)c(Cl)c2)cc1,6.865
Clc1ccc(-c2nc3ccccn3c2-c2cn(CCc3ccc(Cl)c(Cl)c3)nn2)cc1,6.475
Clc1ccc(-c2nc3ccccn3c2-c2cn(Cc3ccc(Cl)c(Cl)c3)nn2)c(Cl)c1,7.21
Clc1ccc(-c2nc3ccccn3c2-c2cn(Cc3ccc(Cl)c(Cl)c3)nn2)cc1,7.085000000000001
Clc1ccc(-c2nc3ccccn3c2-c2cn(Cc3ccccc3)nn2)cc1,7.67
Clc1ccc(-c2nc3ccccn3c2-c2cn(Cc3ccccn3)nn2)cc1,5.86
Clc1ccc(-c2nc3ccccn3c2-c2csc(Cc3ccc(Cl)c(Cl)c3)n2)cc1,6.62
Clc1ccc(-c2nc3ccccn3c2-c2nc(Cc3ccc(Cl)c(Cl)c3)no2)cc1,6.52
Clc1ccc(-c2nc3ccccn3c2-c2nnc(Cc3ccc(Cl)c(Cl)c3)o2)cc1,7.64
Clc1ccc(-c2nc3ccccn3c2-c2nnc(Cc3ccc(Cl)c(Cl)c3)s2)cc1,6.4350000000000005
Clc1ccc(-c2nc3ncccn3c2CNCCc2ccc(Cl)c(Cl)c2)cc1,6.04
Clc1ccc(-c2nc3occn3c2/C=N/OCc2ccc(Cl)c(Cl)c2)cc1,6.39
Clc1ccc(-c2nc3occn3c2CNCCc2ccc(Cl)c(Cl)c2)cc1,5.89
Clc1ccc(-c2nc3sccn3c2-c2cn(Cc3ccc(Cl)c(Cl)c3)nn2)cc1,7.23
Clc1ccc(-c2nc3sccn3c2-c2cn(Cc3ccccc3)nn2)cc1,8.15
Clc1ccc(-c2nc3sccn3c2-c2cn(Cc3ccccn3)nn2)cc1,8.0
Clc1ccc(-c2nc3sccn3c2-c2csc(Cc3ccc(Cl)c(Cl)c3)n2)cc1,6.915
Clc1ccc(-c2nc3sccn3c2-c2nc(Cc3ccc(Cl)c(Cl)c3)no2)cc1,7.85
Clc1ccc(-c2nc3sccn3c2/C=N/CCc2ccc(Cl)c(Cl)c2)cc1,4.27
Clc1ccc(-c2nc3sccn3c2/C=N/OCc2ccc(Cl)c(Cl)c2)cc1,7.215
Clc1ccc(-c2nc3sccn3c2CNC2Cc3ccccc3C2)cc1,6.34
Clc1ccc(-c2nc3sccn3c2CNCCc2c[nH]c3ccccc23)cc1,5.57
Clc1ccc(-c2nc3sccn3c2CNCCc2ccc(Br)cc2)cc1,5.5
Clc1ccc(-c2nc3sccn3c2CNCCc2ccc(Cl)c(Cl)c2)cc1,6.4
Clc1ccc(-c2nc3sccn3c2CNCCc2cccc(Cl)c2)cc1,5.55
Clc1ccc(-c2nc3sccn3c2CNCCc2ccccc2)cc1,6.13
Clc1ccc(-c2nc3sccn3c2CNCc2ccccc2)cc1,5.04
Clc1ccc(-c2nc3sccn3c2CNc2ccc3ccccc3c2)cc1,4.2
Clc1ccc(-c2nc3sccn3c2COCCc2ccc(Cl)c(Cl)c2)cc1,6.72
Clc1ccc(CCNCc2c(-c3ccc(Br)cc3)nc3sccn23)cc1Cl,6.25
Clc1ccc(CCNCc2c(-c3ccc(Cl)cc3)nc3sccn23)cc1,6.19
Clc1ccc(CCNCc2c(-c3ccc4ccccc4c3)nc3sccn23)cc1Cl,5.82
Clc1ccc(CCNCc2c(-c3ccccc3)nc3sccn23)cc1Cl,6.62
Clc1ccc(CO/N=C/c2c(-c3ccc(Br)cc3)nc3sccn23)cc1Cl,6.32
Clc1ccc(CO/N=C/c2c(-c3ccc4ccccc4c3)nc3occn23)c(Cl)c1,5.82
Clc1ccc(CO/N=C/c2c(-c3ccc4ccccc4c3)nc3occn23)cc1,6.0
Clc1ccc(CO/N=C/c2c(-c3ccc4ccccc4c3)nc3occn23)cc1Cl,6.43
Clc1ccc(CO/N=C/c2c(-c3ccc4ccccc4c3)nc3sccn23)cc1Cl,6.42
Clc1ccc(CO/N=C/c2c(-c3cccc4ccccc34)nc3sccn23)cc1Cl,6.03
Clc1ccc(CO/N=C/c2c(-c3ccccc3)nc3sccn23)cc1Cl,6.24
Clc1ccc(Cn2cc(-c3c(-c4ccc(Cl)c(Cl)c4)nc4ccccn34)nn2)cc1Cl,8.7
Clc1ccc(Cn2cc(-c3c(-c4ccc(Cl)c(Cl)c4)nc4sccn34)nn2)cc1Cl,7.8
Clc1ccc(Cn2cc(-c3c(-c4ccc(Cl)cc4)nc4ccccn34)nn2)cc1,8.0
Clc1ccc(Cn2cc(-c3c(-c4ccc(Cl)cc4)nc4sccn34)nn2)cc1,8.15
Clc1cccc(-c2nc3sccn3c2/C=N/OCc2ccc(Cl)c(Cl)c2)c1,5.96
Clc1cccc(-c2nc3sccn3c2CNCCc2ccc(Cl)c(Cl)c2)c1,6.03
Clc1ccccc1C(c1ccccc1)(c1ccccc1)n1ccnc1,7.0
Clc1ccccc1CO/N=C/c1c(-c2ccc3ccccc3c2)nc2occn12,5.96
FC(F)(F)c1ccc(-c2nc3ccccn3c2-c2cn(Cc3ccc(Cl)c(Cl)c3)nn2)cc1,7.4350000000000005
FC(F)(F)c1ccc(-c2nc3sccn3c2/C=N/OCc2ccc(Cl)c(Cl)c2)cc1,6.06
FC(F)(F)c1ccc(-c2nc3sccn3c2CNCCc2ccc(Cl)c(Cl)c2)cc1,5.68
FC(F)(F)c1ccc(CO/N=C/c2c(-c3ccc4ccccc4c3)nc3occn23)cc1,6.33
Fc1c(F)c(F)c(CO/N=C/c2c(-c3ccc4ccccc4c3)nc3occn23)c(F)c1F,5.77
Fc1ccc(-c2nc3ccccn3c2-c2cn(Cc3ccc(Cl)c(Cl)c3)nn2)cc1,9.0
Fc1ccc(-c2nc3sccn3c2/C=N/OCc2ccc(Cl)c(Cl)c2)cc1,6.17
Fc1ccc(-c2nc3sccn3c2CNCCc2ccc(Cl)c(Cl)c2)cc1,6.82
Fc1ccc(CCNCc2c(-c3ccc(Cl)cc3)nc3sccn23)cc1,5.68
N#Cc1ccc(-c2nc3sccn3c2/C=N/OCc2ccc(Cl)c(Cl)c2)cc1,5.47
N#Cc1ccc(-c2nc3sccn3c2CNCCc2ccc(Cl)c(Cl)c2)cc1,5.82
N#Cc1ccc(Cn2cc(-c3c(-c4ccc(Cl)cc4)nc4ccccn34)nn2)cc1,7.07
NC(=O)c1cc(Cn2cc(-c3c(-c4ccc(Cl)cc4)nc4ccccn34)nn2)ccc1Cl,6.0600000000000005
Nc1cc(Cn2cc(-c3c(-c4ccc(Cl)cc4)nc4ccccn34)nn2)ccc1Cl,8.22
Nc1ccc(Cn2cc(-c3c(-c4ccc(Cl)cc4)nc4ccccn34)nn2)cc1,6.3
O/N=C/c1cc(Cn2cc(-c3c(-c4ccc(Cl)cc4)nc4ccccn34)nn2)ccc1Cl,7.475
O=C(NCCc1ccc(Cl)c(Cl)c1)c1c(-c2ccc(Cl)cc2)nc2sccn12,5.96
O=C(Nc1ccc2c(c1)N(C(=O)Cn1cccc1)c1ccccc1CC2)OC1CC1,7.66
O=C(Nc1ccc2c(c1)N(C(=O)Cn1cccc1)c1ccccc1CC2)OC1CCC1,7.7
O=C(Nc1ccc2c(c1)N(C(=O)Cn1cccc1)c1ccccc1CC2)OC1CCCC1,7.86
O=C(Nc1ccc2c(c1)N(C(=O)Cn1cccc1)c1ccccc1CC2)OC1CCCCC1,7.93
O=C(O)Cc1ccccc1Nc1c(Cl)cccc1Cl,4.64
O=Cc1cc(Cn2cc(-c3c(-c4ccc(Cl)cc4)nc4ccccn34)nn2)ccc1Cl,8.1
O=[N+]([O-])c1cc(Cn2cc(-c3c(-c4ccc(Cl)cc4)nc4ccccn34)nn2)ccc1Cl,7.8100000000000005
OCc1cc(Cn2cc(-c3c(-c4ccc(Cl)cc4)nc4ccccn34)nn2)ccc1Cl,9.0
Oc1ccc(CCNCc2c(-c3ccc(Cl)cc3)nc3sccn23)cc1,5.0
Sc1nc(-c2ccc(Br)cc2)nc2ccccc12,4.27
c1ccc(CCNCc2c(-c3ccc4ccccc4c3)nc3sccn23)cc1,5.72
c1ccc2c(c1)CC(NCc1c(-c3ccc4ccccc4c3)nc3occn13)C2,6.18
c1ccc2c(c1)CC(NCc1c(-c3ccc4ccccc4c3)nc3sccn13)C2,5.8
