SMILES,chembl_ahr_pchembl
Brc1cc(Br)c2c(c1)Oc1cc(Br)c(Br)cc1O2,8.7
Brc1cc(Br)c2c(c1)Oc1cc(Br)cc(Br)c1O2,7.03
Brc1cc2c(cc1Br)Oc1c(Br)c(Br)cc(Br)c1O2,7.77
Brc1cc2c(cc1Br)Oc1c(cc(Br)c(Br)c1Br)O2,8.18
Brc1cc2c(cc1Br)Oc1cc(Br)c(Br)cc1O2,8.82
Brc1ccc(-c2nc3c(Br)cccn3n2)cc1,6.76
Brc1ccc(-c2nc3cc(Br)ccn3n2)cc1,6.2
Brc1ccc(-c2nc3ccc(Br)cn3n2)cc1,10.52
Brc1ccc(-c2nc3cccc(Br)n3n2)cc1,6.2
Brc1ccc2c(c1)Oc1cc(Br)c(Br)cc1O2,8.93
Brc1ccc2c(c1)Oc1ccc(Br)cc1O2,7.81
Brc1ccc2c(c1)Oc1ccccc1O2,6.53
Brc1ccc2nc(-c3ccccc3Br)nn2c1,5.61
Brc1ccc2ncnc(Nc3ccc(N4CCOCC4)cc3)c2c1,5.94
Brc1cccc(-c2nc3ccc(Br)cn3n2)c1,8.02
C#CCN1C(=O)/C(=C/c2n[nH]c3ccccc23)NC1=S,7.82
C#CCn1cc(/C=N/NC(=O)c2cc3ccccc3o2)c2ccccc21,6.26
C/C(=N/Nc1ccc(F)cc1)c1ccc(Cl)s1,5.33
C/C(=N\NC(=O)c1cccnc1)c1ccc(-n2ccnc2)cc1,5.26
C=CCN1C(=O)/C(=C/c2n[nH]c3ccccc23)NC1=S,7.46
CC#CCN1C(=O)/C(=C/c2n[nH]c3ccccc23)NC1=S,6.28
CC(=O)Nc1cc(-c2ccc(Cl)cc2)n[nH]1,5.74
CC(=O)Nc1cccc(OCC(=O)Nc2ccc(F)cc2)c1,4.98
CC(=O)Nc1cccc2c1C(=O)N(c1ccc(C)cc1)C2=O,5.96
CC(=O)O/N=C1/C(=C2/C(=O)Nc3cc(Br)ccc32)Nc2ccccc21,6.8
CC(=O)O[C@@H]1Oc2c(C(C)C)cc3ccc4c(C)c(C)ccc4c3c2O[C@@H]1c1ccccc1,6.52
CC(=O)O[C@H]1Oc2c(C(C)C)cc3ccc4c(C)c(C)ccc4c3c2O[C@H]1c1ccccc1,6.6
CC(=O)Oc1ccc(C(c2ccccn2)c2c[nH]c3ccccc23)cc1,4.55
CC(=O)c1ccc(NC(=O)c2cc(Cl)nc3ccccc23)cc1,5.78
CC(=O)c1noc(C)c1C(=O)Nc1nccs1,5.19
CC(C)N1C(=O)/C(=C/c2c[nH]c3ccccc23)NC1=S,5.0
CC(C)c1c(O)cc(/C=C/c2ccccc2)cc1O,7.57
CC(C)n1cnc2c(NCCc3ccc(O)cc3)nc(-c3csc4ccccc34)nc21,6.9
CC(CO)NC(=O)c1cc(-c2ccc(Cl)cc2)nn(-c2cccc(F)c2)c1=O,7.4
CC1CCc2c1cc(C(=O)Nc1ncc(F)s1)c(=O)n2C,9.47
CCC(=O)NC(=S)Nc1ccc(NC(=O)c2ccco2)c(Cl)c1,5.35
CCC(=O)Nc1cc(OC)c(NC(=O)c2ccccc2)cc1OC,5.73
CCCC(=O)Nc1nn(C)c2nc3cc(C)ccc3cc12,6.34
CCCCCCCCCCCCCCCC(=O)N[C@@H](C(=O)NCC(=O)N[C@H](CCCCN)C(=O)N[C@H](CO)C(=O)N[C@H](CCCCN)C(=O)NCC(=O)N[C@@H](C(=O)N[C@H](C)C(=O)N[C@H](Cc1ccc(O)cc1)C(=O)N[C@H](C(=O)N[C@H](CCC(=O)O)C(=O)N[C@H](Cc1ccccc1)C(=O)N[C@H](CCCCN)C(N)=O)[C@@H](C)CC)[C@H](C)CC)C(C)C(=O)O,4.0
CCCCOc1ccc(/C=C\c2cc(OC)cc(OC)c2)cc1,7.92
CCCCc1cc2c(c(NC(C)=O)n1)c(=O)oc1ccccc12,5.49
CCCN(CCOc1c(Cl)cc(Cl)cc1Cl)C(=O)n1ccnc1,6.0
CCCNc1nc(Cl)nc(Nc2ccc(Cl)cc2)n1,5.47
CCCc1nn(C)c(C(=O)Nc2cccc3ccccc23)c1Cl,5.28
CCN(/N=C/c1ccc(Cl)cc1)c1cc(=O)n(C)c(=O)[nH]1,5.95
CCN1C(=O)/C(=C/c2n[nH]c3ccccc23)NC1=S,6.66
CCN1C(=O)/C(=C\c2c[nH]c3ccccc23)NC1=S,5.75
CCOC(=O)Cc1cc(-c2ccc(O)cc2)nc2ccc3ccccc3c12,5.83
CCOC(=O)c1oc2ccccc2c1N,5.13
CCOCC(=O)Nc1cccc(-c2nc3cccnc3s2)c1C,5.37
CCOCCc1nnc(NC(=O)c2ccc(OC)c(OC)c2)s1,5.21
CCOc1ccc(-c2cc(C)n3nc(C(N)=O)cc3n2)cc1,5.58
CCOc1ccc(/C=C\c2cc(OC)cc(OC)c2)cc1,7.92
CCOc1ccc(/C=N/n2cc(-c3ccccc3)nc2S)cc1,5.32
CCOc1ccc(NC(=O)c2cc3ccccc3cc2OC)cc1,5.66
CCOc1ccccc1NC(=O)c1ccc2nccnc2c1,5.66
CCOn1c(C(O)(c2ccncc2)c2cc3ccccc3[nH]2)cc2ccccc21,5.8
CCS(=O)(=O)c1ccc2oc(-c3ccc4ccccc4c3)nc2c1,7.3
CN(C)CCCN1C(=O)c2cccc3cccc(c23)C1=O,6.09
CN(C)CCO/N=C1/C(c2c(O)[nH]c3c(Br)cccc23)=Nc2ccccc21,4.6
CN(C)CCO/N=C1/C(c2c(O)n(C)c3c(Br)cccc23)=Nc2ccccc21.Cl,4.62
CN(C)c1nc(N)nc(-c2nc3ccccc3s2)n1,6.07
CN1C(=O)/C(=C/c2c[nH]c3ccccc23)NC1=S,6.84
CN1C(=O)/C(=C/c2c[nH]c3ncncc23)NC1=S,5.56
CN1C(=O)/C(=C/c2cc3ccccc3[nH]2)NC1=S,6.21
CN1C(=O)/C(=C/c2cn(C)c3ccccc23)NC1=S,6.07
CN1C(=O)/C(=C/c2csc3ccccc23)NC1=S,5.75
CN1C(=O)/C(=C/c2n[nH]c3ccccc23)NC1=S,7.31
CN1C(=S)NC(=O)/C1=C/c1n[nH]c2ccccc12,5.6
CN1CCN(CCCNC(=O)c2cc3c(-c4ccc(Cl)cc4)nn(C)c3s2)CC1,6.32
CNC(=O)c1csc(C(=O)c2c[nH]c3ccccc23)n1,8.8
COC(=O)c1cc(C(=O)Nc2nnc(C3CC3)s2)cc([N+](=O)[O-])c1,5.52
COC(=O)c1ccccc1NC(=O)Cn1ccnc1,5.66
COCC(=O)Nc1nnc(-c2cccs2)s1,5.2
COc1cc(/C=N/NC(=O)c2cccc(NC(=O)c3ccccc3)c2)ccc1O,5.25
COc1cc(/C=N/NC(=O)c2cccnc2)cc2c1OCO2,5.21
COc1cc2c(cc1NC(=O)Nc1ccc(C)cc1)oc1ccccc12,5.83
COc1cc2ccccc2cc1C(=O)Nc1ccc(C)cc1,6.41
COc1cc2nc(-c3cccc(F)c3)cc(O)c2cc1OC,5.26
COc1ccc(-c2nc3cc(F)ccc3s2)cc1OC,7.6
COc1ccc(-c2oc3ccc(N4CCOCC4)cc3c2C#Cc2ccc(N)cc2)cc1,5.24
COc1ccc(/C=C\c2cc(Cl)cc(Cl)c2)cc1,7.92
COc1ccc(/C=C\c2cc(OC)cc(OC)c2)cc1,7.92
COc1ccc(/C=N/NC(=O)c2cccc(NC(=O)c3ccc(F)cc3)c2)c(C(=O)O)c1OC,5.26
COc1ccc(/C=N/Nc2nc3ccccc3[nH]2)cc1OC,5.46
COc1ccc(C(=O)Nc2cc(OC)c(NC(=O)c3ccco3)cc2OC)cc1,5.75
COc1ccc(C(O)(c2ccc(C(F)(F)F)cc2)c2ccccn2)cc1,4.28
COc1ccc(C(O)(c2ccccn2)c2ccc3ccccc3n2)cc1,4.7
COc1ccc(C(c2ccccn2)c2c(O)ccc3ccccc23)cc1,4.27
COc1ccc(C(c2ccccn2)c2c[nH]c3ccccc23)cc1,4.66
COc1ccc(C)cc1N=C(N)Nc1nc(C)cc(C)n1,5.4
COc1ccc(Cl)cc1C(=O)Nc1ccc(N(C)C(C)=O)cc1,5.55
COc1ccc(Cn2cc(C(=O)c3nccs3)c3ccccc32)cc1,6.96
COc1ccc(N2CCN(c3cc(C)c4ccc(O)cc4n3)CC2)cc1,5.46
COc1ccc(NC(=O)c2cc3ccccc3n(C)c2=O)cc1,9.52
COc1ccc(NC(=O)c2ccc(C)cc2)c(OC)c1,5.42
COc1ccc(NC(=O)c2cccc3c(Br)cccc23)cc1,6.01
COc1ccc2[nH]cc(Cc3[nH]c4ccccc4c3C=O)c2c1,6.64
COc1ccc2[nH]cc(Cc3cc4ccccc4[nH]3)c2c1,7.03
COc1cccc(-c2nc(OC)c3ccccc3n2)c1,5.14
COc1cccc(-c2nc(SC)c3ccccc3n2)c1,5.64
COc1cccc(-c2nc3ccccc3c(=S)[nH]2)c1,6.2
COc1cccc(C(=O)O/N=C(\N)c2ccc([N+](=O)[O-])cc2)c1,5.45
COc1cccc(OC)c1C(=O)OCc1cc(=O)n2cc(Br)ccc2n1,5.23
COc1ccccc1-c1cc(=O)c2c(ccc3ccccc32)o1,6.57
COc1ccccc1-c1nnc(NC(C)=O)s1,4.96
COc1ccccc1/C=C/C(=O)c1ccc[nH]1,5.82
COc1ccccc1C(=O)Nc1ccc(N2CCCCC2)cc1,5.54
COc1ccccc1NC(=O)Nc1cccnc1,5.65
COc1ccccc1NC(=O)c1ccc(C(=O)Nc2ccccc2OC)nc1,7.16
COc1ccccc1NC(=O)c1ccc2c(c1)nnn2C,6.71
COc1ccccc1Nc1nc(NCCO)nc(N)c1[N+](=O)[O-],5.92
CSc1ncc(C(=O)Nc2ccc(Cl)cc2)c(C)n1,7.65
C[C@@H](CO)NC(=O)c1cc(-c2ccc(OC(F)(F)F)cc2)nc(-c2cccnc2)n1,9.05
C[C@@H]1CCCc2c1cc(C(=O)Nc1ccccc1)c(=O)n2C,9.86
C[C@@H]1CCc2c1cc(C(=O)Nc1cc3ccccc3[nH]1)c(=O)n2C,9.72
C[C@@H]1Cc2cc(C(=O)Nc3ccccc3)c(=O)n(C)c2C1,9.53
C[C@H]1CCCc2c1cc(C(=O)Nc1ccccc1)c(=O)n2C,9.79
C[C@H]1CCc2c(cc(C(=O)Nc3ccccc3)c(=O)n2C)C1,9.56
Cc1[nH]c2c(C)cccc2c1C,4.92
Cc1[nH]c2ccccc2c1C,4.96
Cc1c(-c2cc[nH]n2)cc(NC(=O)c2ccc(Cl)cc2)c(=O)n1N,5.93
Cc1cc(-c2ccc(N3CCOCC3)cc2)nc2ccccc12,5.33
Cc1cc(-c2nnc3sc(-c4ccccc4Br)nn23)[nH]n1,5.55
Cc1cc(C)n2cc(-c3ccc(Cl)cc3)c(C(=O)O)c2n1,6.0
Cc1cc(C)nc(Nc2ncc(O)n2-c2ccccc2)n1,5.03
Cc1cc(Cl)cc2c1oc1cc(Cl)cc(Cl)c12,8.6
Cc1cc(Nc2ccc(Br)cc2)n2nc(C)nc2n1,6.93
Cc1cc(O)nc(N/N=C/c2ccc(Br)s2)n1,5.07
Cc1ccc(-c2cc(-c3cccs3)[nH]n2)c(O)c1,5.92
Cc1ccc(-c2nc3ccc(Br)cn3n2)cc1,5.72
Cc1ccc(-n2c(=O)[nH]cc(C(=O)Nc3ccc4c(c3)OCO4)c2=O)cc1C,5.11
Cc1ccc(/C=N/n2cc(-c3ccccc3)nc2S)s1,5.84
Cc1ccc(C)c2sc(NC(=O)C3CC3)nc12,5.38
Cc1ccc(N=C(S)c2nc3ccccc3[nH]2)c(C)c1,5.44
Cc1ccc(NC(=O)c2cc3ccccc3n(C)c2=O)cc1,10.01
Cc1ccc(NC(=O)c2ccc(-n3nc(C)cc3C)cc2)c(Br)c1,5.5
Cc1ccc(Nc2ncccc2C(N)=O)cc1,5.87
Cc1ccc([N+](=O)[O-])c2c1NC(c1ccc(Br)cc1)=NO2,5.47
Cc1ccc2c(c1)c1nc3ccccc3nc1n2C,6.0
Cc1ccc2cc3c(NC(=O)CC(C)C)nn(C)c3nc2c1,6.32
Cc1ccc2cc3c(ccc4ccccc43)c3c2c1CC3,6.31
Cc1ccc2nc(-c3ccc(Br)cc3)[n+]([O-])n2c1,6.08
Cc1ccc[n+](CC(=O)c2ccc(Br)cc2)c1C.[Br-],5.17
Cc1cccc2c1ccc1cc(C(C)C)c3c(c12)O[C@@H](OC(=O)/C=C/c1ccc(O)c(O)c1)[C@@H](c1ccc(O)c(O)c1)O3,5.96
Cc1cccc2c1ccc1cc(C(C)C)c3c(c12)O[C@@H](c1ccc(O)c(O)c1)[C@@H](OC(=O)/C=C/c1ccc(O)c(O)c1)O3,5.91
Cc1cccc2c1ccc1cc(C(C)C)c3c(c12)O[C@H](OC(=O)/C=C/c1ccc(O)c(O)c1)[C@H](c1ccc(O)c(O)c1)O3,5.86
Cc1cccc2c1ccc1cc(C(C)C)c3c(c12)O[C@H](c1ccc(O)c(O)c1)[C@H](OC(=O)/C=C/c1ccc(O)c(O)c1)O3,5.95
Cc1ccccc1-c1nc(-c2cccnc2)no1,5.76
Cc1ccccc1/N=N/c1ccc(NC(=O)c2ccnn2C)c(C)c1,6.5649999999999995
Cc1cnc(NC(=O)c2c(Cl)cnn2C)s1,5.23
Cc1csc(NC(=O)CSc2ccc3nnc(-c4ccncc4)n3n2)n1,4.92
Cc1csc(SCC(=O)Nc2ccc(Cl)cn2)n1,5.81
Cc1nc(Cl)sc1C(=O)Nc1ccc(C(F)(F)F)cc1,5.8
Cc1nc(N)nc(Nc2ccc(Cl)cc2)c1Br,6.46
Cc1nc(NC2=NCN(CCCN3CCOCC3)CN2)nc2c(C)cccc12,4.92
Cc1nnc(N2C(=O)c3cccc4c([N+](=O)[O-])ccc(c34)C2=O)s1,6.13
Cl.Cl.Oc1[nH]c2c(Br)cccc2c1C1=Nc2ccccc2/C1=N\OCCN1CCNCC1,5.27
Cl.Cn1c(O)c(C2=Nc3ccccc3/C2=N\OCCN2CCCC2)c2cccc(Br)c21,4.89
Cl.Nc1cccc(Nc2ncnc3ccccc23)c1,5.45
Clc1c(Cl)c(Cl)c2c(c1Cl)Oc1c(Cl)c(Cl)c(Cl)c(Cl)c1O2,5.0
Clc1c(Cl)c(Cl)c2c(c1Cl)Oc1ccccc1O2,5.89
Clc1cc(-c2ccc(Cl)c(Cl)c2Cl)cc(Cl)c1Cl,5.3
Clc1cc(Cl)c(-c2cc(Cl)c(Cl)c(Cl)c2)c(Cl)c1,4.0
Clc1cc(Cl)c(-c2cc(Cl)c(Cl)c(Cl)c2)cc1Cl,4.8
Clc1cc(Cl)c(-c2cc(Cl)c(Cl)cc2Cl)cc1Cl,4.1
Clc1cc(Cl)c2c(c1)Oc1cc(Cl)c(Cl)cc1O2,6.1
Clc1cc(Cl)c2c(c1)oc1c(Cl)c(Cl)c(Cl)cc12,6.7
Clc1cc(Cl)c2c(c1)oc1c(Cl)cc(Cl)c(Cl)c12,4.7
Clc1cc(Cl)c2c(c1)oc1c(Cl)cccc12,5.36
Clc1cc(Cl)c2c(c1)oc1cc(Cl)c(Cl)c(Cl)c12,6.4
Clc1cc(Cl)c2c(c1)oc1ccc(Cl)cc12,4.07
Clc1cc(Cl)c2c(c1Cl)Oc1ccccc1O2,4.89
Clc1cc(Cl)c2oc3c(Cl)cc(Cl)c(Cl)c3c2c1,5.51
Clc1cc(Cl)c2oc3cc(Cl)c(Cl)cc3c2c1,6.66
Clc1cc2c(cc1Br)Oc1cc(Br)c(Cl)cc1O2,9.35
Clc1cc2c(cc1Cl)Oc1c(Cl)c(Cl)c(Cl)c(Cl)c1O2,6.55
Clc1cc2c(cc1Cl)Oc1c(Cl)c(Cl)cc(Cl)c1O2,5.96
Clc1cc2c(cc1Cl)Oc1c(Cl)cccc1O2,6.66
Clc1cc2c(cc1Cl)Oc1c(cc(Cl)c(Cl)c1Cl)O2,7.1
Clc1cc2c(cc1Cl)Oc1c(ccc(Cl)c1Cl)O2,6.8
Clc1cc2c(cc1Cl)Oc1cc(Br)c(Br)cc1O2,8.83
Clc1cc2c(cc1Cl)Oc1cc(Br)c(Cl)cc1O2,7.94
Clc1cc2c(cc1Cl)Oc1cc(Cl)c(Cl)cc1O2,8.025
Clc1cc2c(oc3c(Cl)c(Cl)c(Cl)cc32)c(Cl)c1Cl,7.33
Clc1cc2c(oc3c(Cl)cc(Cl)c(Cl)c32)c(Cl)c1Cl,5.08
Clc1cc2c(oc3c(Cl)cccc32)c(Cl)c1Cl,6.46
Clc1cc2c(oc3cc(Cl)c(Cl)c(Cl)c32)c(Cl)c1Cl,6.57
Clc1cc2c(oc3ccccc32)c(Cl)c1Cl,4.72
Clc1cc2oc3c(Cl)c(Cl)c(Cl)c(Cl)c3c2cc1Cl,6.64
Clc1cc2oc3c(Cl)c(Cl)c(Cl)cc3c2cc1Cl,7.82
Clc1cc2oc3c(Cl)c(Cl)cc(Cl)c3c2cc1Cl,6.7
Clc1cc2oc3c(Cl)cc(Cl)c(Cl)c3c2cc1Cl,5.89
Clc1cc2oc3c(Cl)cccc3c2c(Cl)c1Cl,6.46
Clc1cc2oc3cc(Cl)c(Cl)c(Cl)c3c2cc1Cl,7.13
Clc1cc2oc3cc(Cl)c(Cl)cc3c2cc1Cl,7.39
Clc1cc2oc3ccccc3c2cc1Cl,5.33
Clc1ccc(-c2cc(Cl)c(Cl)c(Cl)c2)c(Cl)c1,4.85
Clc1ccc(-c2cc(Cl)c(Cl)c(Cl)c2)cc1,4.55
Clc1ccc(-c2cc(Cl)c(Cl)c(Cl)c2)cc1Cl,6.89
Clc1ccc(-c2cc(Cl)c(Cl)c(Cl)c2Cl)cc1,5.39
Clc1ccc(-c2cc(Cl)c(Cl)c(Cl)c2Cl)cc1Cl,5.15
Clc1ccc(-c2cc(Cl)c(Cl)cc2Cl)cc1Cl,5.04
Clc1ccc(-c2ccc(Cl)c(Cl)c2)cc1Cl,6.15
Clc1ccc(-c2ccc(Cl)c(Cl)c2Cl)cc1Cl,5.37
Clc1ccc(-c2nc3ccc(Br)cn3n2)cc1,9.08
Clc1ccc(/C=C\c2cc(Cl)cc(Cl)c2)cc1,7.92
Clc1ccc(Nc2nc(-c3cccs3)cs2)nc1,5.8
Clc1ccc2c(c1)Oc1c(Cl)c(Cl)c(Cl)c(Cl)c1O2,5.19
Clc1ccc2c(c1)Oc1cc(Cl)c(Cl)cc1O2,7.15
Clc1ccc2c(c1)Oc1cc(Cl)ccc1O2,5.5
Clc1ccc2c(c1)oc1c(Cl)c(Cl)c(Cl)cc12,7.6
Clc1ccc2c(c1)oc1cc(Cl)c(Cl)c(Cl)c12,6.66
Clc1ccc2c(c1)oc1ccccc12,4.38
Clc1ccc2c(oc3c(Cl)cc(Cl)c(Cl)c32)c1Cl,7.17
Clc1ccc2nc(-c3ccc(Br)cc3)nn2c1,6.81
Clc1ccc2oc3c(Cl)c(Cl)c(Cl)c(Cl)c3c2c1,6.92
Clc1ccc2oc3c(Cl)c(Cl)c(Cl)cc3c2c1,6.7
Clc1ccc2oc3c(Cl)c(Cl)ccc3c2c1,6.35
Clc1ccc2oc3c(Cl)cc(Cl)c(Cl)c3c2c1,5.0
Clc1ccc2oc3cc(Cl)c(Cl)cc3c2c1,6.0
Clc1cccc2c1Oc1ccccc1O2,4.0
Cn1c(=O)c(C(=O)Nc2ccc(F)cc2)cc2ccccc21,9.67
Cn1c(=O)c(C(=O)Nc2ccc(F)cc2)cc2cccnc21,9.33
Cn1c(=O)c(C(=O)Nc2ccc(F)cn2)cc2ccccc21,9.41
Cn1c(=O)c2c(nc(/C=C/c3cccc(Cl)c3)n2C)n(C)c1=O,5.48
Cn1c(C(=O)N2CCC(C(N)=O)CC2)cc2cc(Cl)ccc21,6.04
Cn1c(N)c(C(=O)Nc2ccccc2F)sc1=S,6.07
Cn1c(O)c(C2=Nc3ccccc3/C2=N\OCCN2CCCC2)c2cccc(Br)c21,4.73
Cn1c2ccccc2c2cc3[nH]c4ccccc4c3c(C=O)c21,9.59
Cn1cc(Cc2[nH]c3ccccc3c2C=O)c2ccccc21,7.26
Cn1cc(Cc2cc3ccccc3[nH]2)c2ccccc21,7.07
FC(F)(F)c1ccc(-c2nc3ccc(Br)cn3n2)cc1,9.36
FC(F)(F)c1ccc(/C=C/c2cc(Cl)cc(Cl)c2)cc1,9.7
Fc1ccc(-c2nc3ccc(Br)cn3n2)cc1,5.93
Fc1ccc2nc(-c3ccc(Br)cc3)nn2c1,6.18
N#C/C(=C/c1ccccc1)c1nn(CCO)c(N)c1C#N,5.18
N#Cc1ccc2nc(-c3ccc(Br)cc3)[n+]([O-])n2c1,7.11
N#Cc1ccc2nc(-c3ccc(Br)cc3)nn2c1,7.64
N#Cc1cccc(C(=O)c2c[nH]c3ccccc23)n1,8.649999999999999
NC(=O)c1oc2ccccc2c1NC(=O)c1ccc(F)cc1,5.38
NNc1nc(O)c2c3c(sc2n1)-c1ccccc1CC3,6.43
NS(=O)(=O)c1ccc(-c2ccc(/C=C3\SC(=O)NC3=O)o2)cc1,6.62
Nc1[nH]ncc1C(=O)Nc1cccc(C(F)(F)F)c1,4.9
Nc1c(C(=O)c2ccc(Br)cc2)oc2ccccc12,5.48
Nc1cc2c3c(cccc3c1)C(=O)N(CCN1CCCC1)C2=O,6.54
Nc1ccccc1C(=O)C[C@H](N)C(=O)O,4.67
O=C(/C=C/c1ccccc1Cl)c1ccc[nH]1,5.12
O=C(/C=C\c1cccs1)c1c(O)ccc2ccc(=O)oc12,5.47
O=C(CN1CCOCC1)Nc1nc2ccc([N+](=O)[O-])cc2s1,5.58
O=C(N/N=C/c1c[nH]c2ccccc12)C1COc2ccccc2O1,5.25
O=C(N/N=C/c1ccc(-c2ccccc2[N+](=O)[O-])o1)c1cncc(Br)c1,5.17
O=C(N/N=C/c1ccco1)c1ccc(C(=O)N/N=C/c2ccco2)o1,5.28
O=C(NC(=S)Nc1ccc(F)c(Cl)c1)C1CC1,6.07
O=C(NC1CCCC1)c1cc2c(ccc3ccccc32)o1,5.55
O=C(NCC(O)C(F)(F)F)c1cc(-c2ccc(OC(F)(F)F)cc2)nn(-c2cccnc2)c1=O,7.08
O=C(Nc1ccc(F)cc1)c1cc2cccc3c2n(c1=O)CC3,9.29
O=C(Nc1ccc2c(c1)OCO2)c1ccncc1,4.6
O=C(Nc1cccc(-c2nc3cc(Cl)ccc3o2)c1)C1CCCO1,5.59
O=C(Nc1cccc(Cl)c1)c1ccc(O)nn1,5.47
O=C(Nc1cccc(Cl)c1)c1cccnn1,6.23
O=C(Nc1ccccc1OC(=O)c1ccc(Cl)cc1)c1ccc(Cl)cc1,5.31
O=C(Nc1ccon1)c1cnc2sccn2c1=O,5.73
O=C(O)CCNc1cc(N2CCc3ccccc3CC2)nc(-c2cccnc2)n1,6.5
O=C(O)COn1c(-c2ccccc2)nc2ccc([N+](=O)[O-])cc21,5.32
O=C(O)c1cc(=O)c2ccccc2[nH]1,6.52
O=C(c1cccc(C(F)(F)F)n1)c1c[nH]c2ccccc12,8.809999999999999
O=C(c1n[nH]c2c(F)cccc12)N1CCNc2ccccc2C1,9.55
O=C(c1n[nH]c2c(F)cccc12)N1CCOc2ccccc2C1,9.64
O=C(c1n[nH]c2ccc(F)cc12)N1CCOc2ccncc2C1,9.55
O=C(c1n[nH]c2ccccc12)N1CCNc2ccc(F)cc2C1,9.81
O=C(c1n[nH]c2ccccc12)N1CCOc2cccc(F)c2C1,9.39
O=C(c1n[nH]c2ccccc12)N1CCOc2ccncc2C1,9.62
O=C1/C(=C/c2n[nH]c3ccccc23)NC(=S)N1C1CC1,7.28
O=C1/C(=C2\Nc3ccccc3C2=O)Nc2ccccc21,7.035
O=C1NC(=S)N/C1=C\c1n[nH]c2ccccc12,6.79
O=C1Nc2ccccc2/C1=C1/Nc2ccccc2C1=O,9.7
O=C1c2cc(Br)c(Cl)cc2C[C@H]2c3ccccc3CCN12,8.82
O=C1c2ccccc2-c2nc3ccccc3nc21,5.91
O=Cc1c(Cc2c[nH]c3c(Cl)cccc23)[nH]c2ccccc12,6.5
O=Cc1c(Cc2c[nH]c3ccc(Cl)cc23)[nH]c2ccccc12,7.03
O=Cc1c(Cc2c[nH]c3ccccc23)[nH]c2ccccc12,6.57
O=Cc1c2[nH]c3ccccc3c2cc2[nH]c3ccccc3c12,8.69
O=Nc1c(-c2c(O)[nH]c3c(Br)cccc23)[nH]c2ccccc12,4.7
O=S(=O)(NNc1ncc(C(F)(F)F)cc1Cl)c1ccc(F)cc1F,5.47
O=[N+]([O-])c1cc(-c2nc(-c3ccncc3)no2)cc([N+](=O)[O-])c1,5.57
O=[N+]([O-])c1cnc(Nc2ccc(Cl)cn2)c([N+](=O)[O-])c1,5.89
O=c1c(Cc2c[nH]c3ccccc23)nccc2c1[nH]c1ccccc12,7.92
O=c1c(O)c(-c2ccc(O)cc2)oc2cc(O)cc(O)c12,7.55
O=c1c2c(O)cc(O)cc2oc2oc3cc(O)ccc3c12,5.87
O=c1c2cccc3cccc(c32)c2nc3ccc(Cl)cc3n12,8.59
O=c1cc(-c2c(F)cccc2F)oc2ccc3ccccc3c12,6.7
O=c1cc(-c2ccccc2)oc2ccc3ccccc3c12,5.85
O=c1cc(-c2ccccc2F)oc2ccc3ccccc3c12,6.48
O=c1cc(-c2ccccn2)oc2ccc3ccccc3c12,6.35
O=c1nc(Nc2ccc(Br)cc2)sc2ccc([N+](=O)[O-])cc12,5.29
OC(c1ccncc1)(c1cc2ccccc2[nH]1)c1cc2ccccc2[nH]1,5.8
OCc1csc(C(O)c2c[nH]c3ccccc23)n1,7.5
Oc1[nH]c2c(Br)cccc2c1C1=Nc2ccccc2/C1=N\OCCN1CCNCC1,5.28
Oc1ccc(C(c2ccccn2)c2cccs2)cc1,4.88
Oc1oc(-c2ccccc2)nc1/C=N/c1nccs1,4.91
[O-][n+]1c(-c2ccc(Br)cc2)nc2c(Br)cccn21,6.43
[O-][n+]1c(-c2ccc(Br)cc2)nc2cc(Br)ccn21,7.21
[O-][n+]1c(-c2ccc(Br)cc2)nc2cc(Cl)ccn21,6.57
[O-][n+]1c(-c2ccc(Br)cc2)nc2cc(F)ccn21,7.08
[O-][n+]1c(-c2ccc(Br)cc2)nc2ccc(Br)cn21,9.57
[O-][n+]1c(-c2ccc(Br)cc2)nc2ccc(C(F)(F)F)cn21,6.12
[O-][n+]1c(-c2ccc(Br)cc2)nc2ccc(Cl)cn21,9.47
[O-][n+]1c(-c2ccc(Br)cc2)nc2ccc(F)cn21,5.96
[O-][n+]1c(-c2ccc(Br)cc2)nc2cccc(Br)n21,6.69
[O-][n+]1c(-c2ccc(Br)cc2)nc2ccccn21,5.6
[O-][n+]1c(-c2ccc(Cl)cc2)nc2ccccn21,5.48
[O-][n+]1c(-c2ccncc2)nc2ccccn21,5.33
[O-][n+]1onc2c1CCc1nnc(-c3ccccc3)cc1-2,5.55
[O-][n+]1onc2c3cc(-c4ccccc4)nnc3ccc21,5.83
c1ccc2[nH]c(Cc3c[nH]c4ccccc34)cc2c1,6.67
c1ccc2c(Cc3c[nH]c4ccccc34)c[nH]c2c1,5.58
c1ccc2c(c1)Nc1nc3ccccc3c3ccnc-2c13,11.0
c1ccc2c(c1)[nH]c1cc3c(cc12)[nH]c1ccccc13,9.72
c1ccc2c(c1)cc1ccc3cccc4ccc2c1c34,6.9350000000000005
