SMILES,chembl_pxr_pchembl
Br.CN1CCc2cc(Cl)c(O)cc2[C@H]2c3ccccc3CC[C@@H]21,5.2
Brc1c(NC2=NCCN2)ccc2nccnc12,4.58
C#CCn1cc(/C=N/NC(=O)COc2cccc3cccnc23)c2ccccc21,4.79
C#C[C@]1(O)CC[C@H]2[C@@H]3CCC4=C/C(=N/O)CC[C@@H]4[C@H]3CC[C@@]21CC,4.6
C#C[C@]1(O)CC[C@H]2[C@@H]3CCC4=CC(=O)CCC4=C3C=C[C@@]21CC,5.0
C#C[C@]1(O)CC[C@H]2[C@@H]3CCC4=CCCC[C@@H]4[C@H]3C(=C)C[C@@]21CC,5.62
C#C[C@]1(O)CC[C@H]2[C@@H]3CCC4=Cc5oncc5C[C@]4(C)[C@H]3CC[C@@]21C,5.43
C#C[C@]1(O)CC[C@H]2[C@@H]3CCc4cc(O)ccc4[C@H]3CC[C@@]21C,5.11
C#C[C@]1(OC(C)=O)CC[C@H]2[C@@H]3CCC4=C/C(=N/O)CC[C@@H]4[C@H]3CC[C@@]21CC,5.4
C(=N\OCc1ccc(Oc2ccccc2)cc1)/c1c(-c2ccc3ccccc3c2)nc2occn12,5.96
C(=N\OCc1ccccc1)/c1c(-c2ccc3ccccc3c2)nc2occn12,5.14
C/C(=C\CC/C(C)=C/CC[C@]1(C)CCc2cc(O)cc(C)c2O1)CC/C=C(\C)C(=O)O,6.1850000000000005
C/C(=C\CC/C(C)=C/CC[C@]1(C)CCc2cc(O[C@@H]3O[C@H](C(=O)[O-])[C@@H](O)[C@H](O)[C@H]3O)cc(C)c2O1)CC/C=C(\C)C(=O)[O-].[Na+].[Na+],4.77
C/C(=C\c1ccc2c(c1)N(S(=O)(=O)c1ccc(F)c(C(F)(F)F)c1)C[C@H](CCC(=O)O)O2)c1c(F)cccc1Cl,5.22
C/C(=C\c1ccc2c(c1)N(S(=O)(=O)c1ccc(F)c(C3CC3)c1)C[C@H](CCC(=O)O)O2)c1c(F)cccc1Cl,5.17
C/C(=C\c1ccc2c(c1)N(S(=O)(=O)c1cccc(C(F)(F)F)c1)C[C@H](CCC(=O)O)O2)c1ccccc1C,5.3
C/C(=C\c1ccc2c(c1)N(S(=O)(=O)c1cccc(OC(F)F)c1)C[C@H](CCC(=O)O)O2)c1c(F)cccc1Cl,5.04
C/C(=C\c1csc(C)n1)[C@@H]1C[C@@H]2O[C@]2(C)CCC[C@H](C)[C@H](O)[C@@H](C)C(=O)C(C)(C)[C@@H](O)CC(=O)O1,4.7
C/C=C1/C(=O)C[C@H]2[C@@H]3CCC4=CC(=O)CC[C@]4(C)[C@H]3CC[C@]12C,7.109999999999999
C/C=C1\C(=O)C[C@H]2[C@@H]3CCC4=CC(=O)CC[C@]4(C)[C@H]3CC[C@]12C,8.62
C=C(C)[C@@H]1CCC(C)=C[C@H]1c1c(O)cc(CCCCC)cc1O,6.17
C=C(c1ccccc1OCc1cccc(Cl)c1)n1ccnc1,5.66
C=C1/C(=C\C=C2/CCC[C@]3(C)[C@@H]([C@H](C)/C=C/[C@@H](O)C4CC4)CC[C@@H]23)C[C@@H](O)C[C@@H]1O,5.17
C=C1/C(=C\C=C2/CCC[C@]3(C)[C@@H]([C@H](C)CCCC(C)(C)O)CC[C@@H]23)C[C@@H](O)C[C@@H]1O,5.25
C=C1CC[C@@]2(O)[C@H]3Cc4ccc(O)c5c4[C@@]2(CCN3CC2CC2)[C@H]1O5,4.52
C=C1[C@@H](O)CC[C@@]2(C)[C@H]1CCC1=C3CC[C@H]([C@H](C)CCC=C(C)C)[C@@]3(C)CC[C@@H]12,4.68
C=C1c2cccc(O)c2C(=O)C2=C(O)[C@]3(O)C(=O)C(C(N)=O)=C(O)[C@@H](N(C)C)[C@@H]3[C@@H](O)[C@H]12,5.1
C=C1c2cccc(O)c2C(=O)C2=C(O)[C@]3(O)C(=O)C(C(N)=O)=C(O)[C@@H](N(C)C)[C@@H]3[C@@H](O)[C@H]12.Cl,5.2
C=CC(=O)N1CCC[C@@H](n2nc(-c3ccc(Oc4ccccc4)cc3)c3c(N)ncnc32)C1,5.07
C=CC1(C=C)Oc2c(NC(=O)Nc3ccc(C)cc3)cc(-c3ccccc3-c3nn[nH]n3)cc2[C@@H]1c1ccccc1,5.15
C=CCC1(C(C)CCC)C(=O)[N-]C(=S)NC1=O.[Na+],5.19
C=CCOC(c1ccc(C2(S(=O)(=O)c3ccc(F)cc3)CCCC2)cc1)(C(F)(F)F)C(F)(F)F,6.43
C=CC[C@@H]1/C=C(\C)C[C@H](C)C[C@H](OC)[C@H]2O[C@@](O)(C(=O)C(=O)N3CCCC[C@H]3C(=O)O[C@H](/C(C)=C/[C@@H]3CC[C@@H](O)[C@H](OC)C3)[C@H](C)[C@@H](O)CC1=O)[C@H](C)C[C@@H]2OC,5.3
C=C[C@@]1(C)CC(=O)[C@]2(O)[C@@]3(C)[C@@H](O)CCC(C)(C)[C@@H]3[C@H](O)[C@H](OC(C)=O)[C@@]2(C)O1,5.335
C=C[C@@]1(C)CC(=O)[C@]2(O)[C@@]3(C)[C@@H](O)CCC(C)(C)[C@@H]3[C@H](OC(=O)CCN(C)C)[C@H](OC(C)=O)[C@@]2(C)O1,4.57
C=C[C@H]1Oc2c(NC(=O)Nc3ccc(C)cc3)cc(-c3ccccc3-c3nn[nH]n3)cc2[C@@H]1c1ccccc1,4.96
CC#C[C@]1(O)CC[C@H]2[C@@H]3CCC4=CC(=O)CCC4=C3[C@@H](c3ccc(N(C)C)cc3)C[C@@]21C,4.53
CC(/C=C1\SC(=S)N(CC(=O)O)C1=O)=C\c1ccccc1,4.82
CC(=O)CC(c1ccc([N+](=O)[O-])cc1)c1c(O)c2ccccc2oc1=O,5.1
CC(=O)N1CC(C(=O)N2CC[C@](c3ccc(C(OCc4c(F)cccc4F)(C(F)(F)F)C(F)(F)F)cc3)(S(=O)(=O)c3ccc(F)cc3)C2)C1,5.94
CC(=O)N1CCC(C(=O)N2CC[C@](c3ccc(C(O)(C(F)(F)F)C(F)(F)F)cc3)(S(=O)(=O)c3ccc(F)cc3)C2)CC1,5.11
CC(=O)N1CCC(C(=O)N2C[C@@H](c3ccc(C(O)(C(F)(F)F)C(F)(F)F)cc3)[C@@](C)(c3ccc(F)cc3)C2)CC1,5.97
CC(=O)N1CCC(C(=O)N2C[C@@H](c3ccc(C(O)(C(F)(F)F)C(F)(F)F)cc3)[C@@](C)(c3ccccc3)C2)CC1,5.785
CC(=O)N1CCC(C(=O)N2C[C@H](c3ccc(C(O)(C(F)(F)F)C(F)(F)F)cc3)[C@](C)(c3ccccc3)C2)CC1,5.9
CC(=O)N1CCC(C)(C(=O)N2CC[C@](c3ccc(C(OCc4c(F)cccc4F)(C(F)(F)F)C(F)(F)F)cc3)(S(=O)(=O)c3ccc(F)cc3)C2)CC1,6.2
CC(=O)N1CCC(c2ccc(C(O)(C(F)(F)F)C(F)(F)F)cc2)(S(=O)(=O)c2ccc(F)cc2)C1,6.32
CC(=O)N1CCN(C(=O)N2CC[C@](c3ccc(C(O)(C(F)(F)F)C(F)(F)F)cc3)(S(=O)(=O)c3ccc(F)cc3)C2)CC1,5.31
CC(=O)N1CCN(C(=O)N2CC[C@](c3ccc(C(OCc4c(F)cccc4C#N)(C(F)(F)F)C(F)(F)F)cc3)(S(=O)(=O)c3ccc(F)cc3)C2)CC1,5.91
CC(=O)N1CCN(c2ccc(OCC3COC(Cn4ccnc4)(c4ccc(Cl)cc4Cl)O3)cc2)CC1,4.72
CC(=O)N1C[C@@H](c2ccc(C(O)(C(F)(F)F)C(F)(F)F)cc2)[C@@](C)(c2ccccc2)C1,6.44
CC(=O)Nc1cc(-c2ccc(Cl)cc2)n[nH]1,4.13
CC(=O)Nc1cc(-c2cnc(N(C)C(=O)c3c(F)cccc3Cl)c(N3CCCCC3)c2)n(C(C)C)n1,5.27
CC(=O)Nc1ccc(O)cc1,4.62
CC(=O)Nc1nc(C(C)C)c(-c2cnc(N(C)C(=O)c3c(F)cccc3Cl)c(N3CCCCC3)c2)s1,6.4
CC(=O)Nc1nccc(-c2sc(C3CCN(C4CC4)CC3)nc2-c2cccc(NS(=O)(=O)c3cc(F)ccc3F)c2F)n1,4.97
CC(=O)OCC1=C(C(=O)O)N2C(=O)[C@@H](NC(=O)CC#N)[C@H]2SC1,6.41
CC(=O)OCC1=C(C(=O)O)N2C(=O)[C@@H](NC(=O)CSc3ccncc3)[C@H]2SC1,4.78
CC(=O)OCC1=C(C(=O)O)N2C(=O)[C@@H](NC(=O)Cc3cccs3)[C@H]2SC1,4.66
CC(=O)Oc1ccccc1C(=O)Nc1ncc([N+](=O)[O-])s1,4.72
CC(=O)SCC(Cc1ccccc1)C(=O)NCC(=O)OCc1ccccc1,5.0600000000000005
CC(=O)[C@@]1(O)CC[C@H]2[C@@H]3C[C@H](C)C4=CC(=O)C=C[C@]4(C)[C@@]3(F)[C@@H](O)C[C@@]21C,5.5
CC(=O)[C@H]1CC[C@H]2[C@@H]3CCC4=CC(=O)CC[C@]4(C)[C@H]3CC[C@]12C,4.65
CC(=O)c1ccc(N(CC(F)(F)F)S(=O)(=O)c2ccccc2)cc1,5.4
CC(C)(C(=O)N1CCOCC1)c1ccc2c(-c3ccc(F)cc3)cc(C(N)=O)nc2c1,6.52
CC(C)(C)C(=O)OCC(=O)[C@H]1CC[C@H]2[C@@H]3CCC4=CC(=O)CC[C@]4(C)[C@H]3CC[C@]12C,4.55
CC(C)(C)CC(C)(C)c1ccc(OCCOCC[N+](C)(C)Cc2ccccc2)cc1,5.15
CC(C)(C)NC(=O)C(c1ccccn1)n1ccc2cc(C(C)(C)C(=O)NC(C)(C)C)ccc21,6.22
CC(C)(C)NC(=O)Cn1c(-c2cc(C(F)(F)F)cc(C(F)(F)F)c2)cc2cc(C(C)(C)C(=O)NC(C)(C)C)ccc21,4.97
CC(C)(C)NC(=O)Cn1c(-c2ccc(F)cc2F)cc2cc(C(C)(C)C(=O)NC(C)(C)C)ccc21,6.03
CC(C)(C)NC(=O)Cn1c(-c2ccccc2)cc2cc(C(C)(C)C(=O)NC(C)(C)C)ccc21,5.74
CC(C)(C)NC(=O)Cn1c(C(=O)NC(C)(C)C)cc2cc(C(C)(C)C(=O)NC(C)(C)C)ccc21,5.18
CC(C)(C)NC(=O)Cn1c(C(C)(C)C)cc2cc(C(C)(C)C(=O)NC(C)(C)C)ccc21,6.24
CC(C)(C)NC(=O)[C@@H]1CN(Cc2cccnc2)CCN1C[C@@H](O)C[C@@H](Cc1ccccc1)C(=O)N[C@H]1c2ccccc2C[C@H]1O.O=S(=O)(O)O,4.824999999999999
CC(C)(C)OC(=O)N1CC[C@@H]2[C@@H](c3ccsc3)Nc3c(ccc4c3CCCC4)[C@@H]21,5.43
CC(C)(C)OC(=O)N1CC[C@@H]2[C@H](c3ccco3)Nc3c(ccc4c3CCCC4)[C@@H]21,5.82
CC(C)(C)OC(=O)N1CC[C@@H]2[C@H](c3ccsc3)Nc3c(ccc4c3CCCC4)[C@@H]21,5.08
CC(C)(C)OC(=O)N1CC[C@@H]2[C@H]1c1ccc3c(c1N[C@H]2c1ccsc1)CCCC3,5.92
CC(C)(C)OC(=O)N1CC[C@H]2[C@@H](c3ccsc3)Nc3c(ccc4c3CCCC4)[C@H]21,5.5
CC(C)(C)c1cc(O)ccc1O,5.300000000000001
CC(C)(C)c1ccc(C(=O)CCCN2CCC(OC(c3ccccc3)c3ccccc3)CC2)cc1,5.06
CC(C)(C)c1ccc(CN2CCN(C(c3ccccc3)c3ccc(Cl)cc3)CC2)cc1,4.76
CC(C)(C)c1ccc(S(=O)(=O)N2Cc3ccc(C(F)(F)F)nc3Nc3cccc(-c4cccnc4)c32)cc1,5.75
CC(C)(C)c1ccc(S(=O)(=O)N2Cc3ccc(C(F)(F)F)nc3Nc3cccc(-c4ncon4)c32)cc1,4.93
CC(C)(C)c1ccc(S(=O)(=O)N2Cc3ccc(C(F)(F)F)nc3Nc3cccc(-c4noc(=O)[nH]4)c32)cc1,5.72
CC(C)(C)c1ccc(S(=O)(=O)N2Cc3ccc(C(F)(F)F)nc3Nc3cccc(-c4noc(CO)n4)c32)cc1,5.46
CC(C)(C)c1ccc(S(=O)(=O)N2Cc3ccc(C(F)(F)F)nc3Nc3cccc(C4CCNCC4)c32)cc1,5.18
CC(C)(C)c1ccc(S(=O)(=O)Nc2ccc3c(c2)ncn3Cc2ccccc2)cc1,7.38
CC(C)(C)c1ccc2c(S(=O)(=O)[O-])c(C(C)(C)C)ccc2c1.[Na+],5.05
CC(C)(C)c1nc(-c2cc(Cl)cc(NS(=O)(=O)c3cc(F)ccc3F)c2F)c(-c2ccnc(N)n2)s1,7.09
CC(C)(C)c1nc(-c2cccc(NS(=O)(=O)c3c(F)cccc3F)c2F)c(-c2ccnc(N)n2)s1,7.06
CC(C)(C)c1nc(C23CCC(CN(C(=O)C45CC(F)(C4)C5)c4cccc(-c5nc(C6CC6)no5)c4)(CC2)CC3)no1,4.3
CC(C)(C)c1nc(C23CCC(CN(C(=O)C45CC(F)(C4)C5)c4cccc(-c5nnc(C6CC6)o5)c4)(CC2)CC3)no1,5.22
CC(C)(C)c1noc(C23CCC(CN(C(=O)C45CC(F)(C4)C5)c4cccc(-c5nc(C6CC6)no5)c4)(CC2)CC3)n1,4.3
CC(C)(C1CCN(C(=O)c2cc(F)ccc2S(C)(=O)=O)CC1)S(=O)(=O)c1cccc(C(F)(F)F)c1,5.6
CC(C)(CCO)c1cccn2c(C3(c4ccc(Cl)cc4)CC3)nnc12,5.89
CC(C)(C[C@H]1CN(S(=O)(=O)c2cccc(C(F)(F)F)c2)c2cc(-c3cc(F)cc(OC(F)F)c3)ccc2O1)C(=O)O,5.1
CC(C)(O)CC(=O)NCC1CN(S(=O)(=O)c2ccc(F)cc2)c2ccc(C(O)(C(F)(F)F)C(F)(F)F)cc2S1,6.28
CC(C)(O)CCc1cccn2c(C3(c4ccc(Cl)cc4)CC3)nnc12,5.44
CC(C)(O)CNC(=O)CC1CCc2cc(C(O)(C(F)(F)F)C(F)(F)F)ccc2N1S(=O)(=O)c1ccc(F)cc1,5.7
CC(C)(O)CNC(=O)CC1CN(S(=O)(=O)c2ccc(F)cc2)c2ccc(C(O)(C(F)(F)F)C(F)(F)F)cc2S1,6.76
CC(C)(O)CNC(=O)CC1CSc2cc(C(O)(C(F)(F)F)C(F)(F)F)ccc2N1S(=O)(=O)c1ccc(F)cc1,5.87
CC(C)(O)CNC(=O)CC1Cc2cc(C(O)(C(F)(F)F)C(F)(F)F)ccc2N(S(=O)(=O)c2ccc(F)cc2)C1,6.545
CC(C)(O)CNC(=O)C[C@@H]1CCc2cc(C(O)(C(F)(F)F)C(F)(F)F)ccc2N1S(=O)(=O)c1ccc(F)cc1,5.74
CC(C)(O)CNC(=O)C[C@@H]1CN(S(=O)(=O)c2ccc(F)cc2)c2ccc(C(O)(C(F)(F)F)C(F)(F)F)cc2S1,6.64
CC(C)(O)CNC(=O)C[C@H]1CCc2cc(C(O)(C(F)(F)F)C(F)(F)F)ccc2N1S(=O)(=O)c1ccc(F)cc1,5.54
CC(C)(O)CNC(=O)C[C@H]1CN(S(=O)(=O)c2ccc(F)cc2)c2ccc(C(O)(C(F)(F)F)C(F)(F)F)cc2S1,6.84
CC(C)(O)[C@H](F)CNC(=O)C[C@@H]1CCc2cc(C(O)(C(F)(F)F)C(F)(F)F)ccc2N1S(=O)(=O)c1ccc(F)cc1,5.7
CC(C)(O)c1ccc(-c2cccc(N(CC34CCC(c5noc(C(C)(C)F)n5)(CC3)CC4)C(=O)[C@H]3C[C@@](C)(O)C3)c2)cc1,4.3
CC(C)(O)c1ccc(-c2cccc(N(CC34CCC(c5noc(C(C)(C)F)n5)(CC3)CC4)C(=O)[C@H]3C[C@](O)(C(F)(F)F)C3)c2)cc1,4.3
CC(C)(O)c1ccc(N(CC(F)(F)F)S(=O)(=O)c2ccccc2)cc1,8.1
CC(C)(O)c1cn(-c2ccc(-c3cc(F)c(CO)c(S(C)(=O)=O)c3)cc2)c(C(C)(C)c2cccc(F)c2Cl)n1,5.52
CC(C)(O)c1cn(-c2ccc(-c3cc(F)c(CO)c(S(C)(=O)=O)c3)cc2F)c(C(C)(C)c2c(Cl)cccc2Cl)n1,6.0
CC(C)(O)c1nc(-c2cccc3c2N(S(=O)(=O)c2ccc(OC(F)F)cc2)Cc2ccc(C(F)(F)F)nc2N3)no1,5.0
CC(C)(O/N=C(\C(=O)N[C@@H]1C(=O)N2C(C(=O)[O-])=C(C[n+]3ccccc3)CS[C@H]12)c1csc(N)n1)C(=O)O,6.62
CC(C)=CCC/C(C)=C/C=C/C(C)=C/C=C/C(C)=C/C=C/C=C(C)/C=C/C=C(C)/C=C/C=C(\C)CCC=C(C)C,5.28
CC(C)=CCC[C@]1(C)[C@@H](CC=C(C)C)C[C@]2(CC=C(C)C)C(=O)C(CC=C(C)C)=C(O)[C@@]1(C(=O)C(C)C)C2=O,7.57
CC(C)=CCOc1ccc(/C=C/C(=O)c2ccc(OCC=C(C)C)cc2OCC(=O)O)cc1,6.0649999999999995
CC(C)C(=O)OCC(=O)[C@@]12O[C@H](C3CCCCC3)O[C@@H]1C[C@H]1[C@@H]3CCC4=CC(=O)C=C[C@]4(C)[C@H]3[C@@H](O)C[C@@]12C,5.04
CC(C)C1CN(Cc2ccc3c(-c4cnn(C)c4)cc(C(N)=O)nc3c2)CCO1,4.54
CC(C)CCC(=O)O[C@H]1CC[C@H]2[C@@H]3CCC4=CC(=O)CC[C@]4(C)[C@H]3CC[C@]12C,4.55
CC(C)CN(CC(C)C)c1ccc(-c2ccccc2C(=O)O)cc1NC(=O)Nc1ccccc1F,5.68
CC(C)CN(Cc1ccc(-c2ccc(S(C)(=O)=O)cc2)cc1)S(=O)(=O)Cc1ccccc1,5.52
CC(C)COCC(CN(Cc1ccccc1)c1ccccc1)N1CCCC1,5.23
CC(C)C[C@H](NC(=O)[C@@H](Cc1cccc2ccccc12)NC(=O)[C@H](Cc1ccc(O)cc1)NC(=O)[C@H](CO)NC(=O)[C@H](Cc1c[nH]c2ccccc12)NC(=O)[C@H](Cc1cnc[nH]1)NC(=O)[C@@H]1CCC(=O)N1)C(=O)N[C@@H](CCCNC(=N)N)C(=O)N1CCC[C@H]1C(=O)NCC(N)=O,5.04
CC(C)N(C)Cc1cccc(F)c1CNc1cc(F)c(S(=O)(=O)Nc2cscn2)c(F)c1,5.39
CC(C)N(CCCCOCC(=O)NS(C)(=O)=O)c1cnc(-c2ccccc2)c(-c2ccccc2)n1,5.949999999999999
CC(C)N(CCCCOCC(=O)O)c1cnc(-c2ccccc2)c(-c2ccccc2)n1,4.98
CC(C)N1CCN(c2ccc(OCC3COC(Cn4cncn4)(c4ccc(Cl)cc4Cl)O3)cc2)CC1,4.949999999999999
CC(C)O[C@H]1CC[C@H](C(=O)N2Cc3cccnc3Nc3ccc(N4CC5CCC4CO5)cc32)OC1,4.75
CC(C)Oc1cc(-n2nc(C(C)(C)C)oc2=O)c(Cl)cc1Cl,6.05
CC(C)[C@@H](C)/C=C/[C@@H](C)[C@H]1CC[C@H]2/C(=C/C=C3\C[C@@H](O)CC[C@@H]3C)CCC[C@]12C,5.21
CC(C)[C@@H](NC(=O)CC(C)(C)O)C(=O)N1CC[C@](O)(c2ccc(Cl)cc2)C(C)(C)C1,5.695
CC(C)[C@@H](NC(=O)CC1CC1)C(=O)N1CC[C@](O)(c2ccc(Cl)cc2)C(C)(C)C1,6.3
CC(C)[C@@H](NC(=O)CCC(C)(C)O)C(=O)N1CC[C@](O)(c2ccc(Cl)cc2)C(C)(C)C1,4.6
CC(C)[C@@H](NC(=O)C[C@@H](C)O)C(=O)N1CC[C@](O)(c2ccc(Cl)cc2)C(C)(C)C1,5.11
CC(C)[C@@H](NC(=O)N[C@H]1CC[C@@H](O)C1)C(=O)N1CC[C@](O)(c2ccc(Cl)cc2)C(C)(C)C1,4.72
CC(C)[C@@H](NC(=O)N[C@H]1CC[C@H](O)C1)C(=O)N1CC[C@](O)(c2ccc(Cl)cc2)C(C)(C)C1,5.24
CC(C)[C@@H](NC(=O)[C@@H]1CCC[C@@H]1N)C(=O)N1CC[C@](O)(c2ccc(Cl)cc2)C(C)(C)C1,5.07
CC(C)[C@@H](NC(=O)[C@@H]1CCC[C@@H]1O)C(=O)N1CC[C@](O)(c2ccc(Cl)cc2)C(C)(C)C1,5.85
CC(C)[C@H](C)CC[C@@H](C)[C@H]1CCC2=C3CC[C@H]4[C@H](C)[C@H](O)CC[C@]4(C)[C@H]3CC[C@@]21C,4.75
CC(C)[C@H]1CCCN1c1cc(-c2ccccc2O)nnc1N,6.85
CC(C)[C@H]1CCCN1c1cc(-c2ccco2)nnc1N,5.38
CC(C)c1c(C(=O)Nc2ccccc2)c(-c2ccccc2)c(-c2ccc(F)cc2)n1CC[C@@H](O)C[C@@H](O)CC(=O)O,4.57
CC(C)c1c(CN(C)C(C)Cc2ccccc2)n(C)n(-c2ccccc2)c1=O,5.85
CC(C)c1cc(-c2ccc(C(F)(F)F)cc2CN2C(=O)O[C@H](c3cc(C(F)(F)F)cc(C(F)(F)F)c3)[C@@H]2C)c(Cl)cc1F,5.12
CC(C)c1cc2c(cc1S(=O)(=O)O)[C@@]1(C)CCC[C@@](C)(C(=O)O)[C@@H]1CC2,4.82
CC(C)c1ccc(S(=O)(=O)N2Cc3ccc(C(F)(F)F)nc3Nc3cccc(-c4noc(C(C)(C)O)n4)c32)cc1,5.62
CC(C)c1cccn2c(C3(c4ccc(Cl)cc4)CC3)nnc12,6.0
CC(C)c1nc(CN(C)C(=O)N[C@H](C(=O)N[C@@H](Cc2ccccc2)C[C@H](O)[C@H](Cc2ccccc2)NC(=O)OCc2cncs2)C(C)C)cs1,5.625
CC(C)c1nc(N(C)S(C)(=O)=O)nc(-c2ccc(F)cc2)c1/C=C/[C@@H](O)C[C@@H](O)CC(=O)O,5.44
CC(C)c1onc(-c2c(Cl)cccc2Cl)c1COc1ccc(-c2ccc3c(C(=O)O)cccc3c2)cc1,5.51
CC(C)c1onc(C[S+]([O-])c2c(Cl)cccc2Cl)c1COc1ccc(/C=C/c2cccc(C(=O)O)c2)c(Cl)c1,6.02
CC(Cc1cccc(C(F)(F)F)c1)NCCOC(=O)c1ccccc1,5.08
CC(O)(c1ccc(C2(S(=O)(=O)c3ccc(F)cc3)CCCC2)cc1)C(F)(F)F,6.62
CC(O)(c1ccc(N(CC(F)(F)F)S(=O)(=O)c2ccccc2)cc1)C(F)(F)F,5.85
CC(O)c1ccc(N(CC(F)(F)F)S(=O)(=O)c2ccccc2)cc1,5.3
CC(c1ccc(C2(S(=O)(=O)c3ccc(F)cc3)CCCC2)cc1)(C(F)(F)F)C(F)(F)F,6.12
CC(c1ccc2c(-c3cnn(C)c3)cc(C(N)=O)nc2c1)c1cnn(CC(F)(F)F)c1,4.72
CC(c1ccccc1)n1cnc2cc(NS(=O)(=O)Cc3ccccc3Cl)ccc21,6.699999999999999
CC/C(=C(/CC)c1ccc(O)cc1)c1ccc(O)cc1,4.84
CC/C(=C(/CC)c1ccc(OC)cc1)c1ccc(OC)cc1,4.98
CC/C(=C(/CC)c1ccc(OCCO)cc1)c1ccc(OCCO)cc1,4.56
CC/C(=C(\c1ccccc1)c1ccc(OCCN(C)C)cc1)c1ccccc1,5.01
CC/C=C\C/C=C\C/C=C\C/C=C\C/C=C\CCCC(=O)OCC,5.449999999999999
CC/C=C\C/C=C\C/C=C\CCCCCCCC(=O)O,5.6
CC1(C)C(/C=C/C=C/C=C/C=C2\N(CCCCS(=O)(=O)O)c3ccc4ccccc4c3C2(C)C)=[N+](CCCCS(=O)(=O)[O-])c2ccc3ccccc3c21,6.0
CC1(C)CCC(C)(C)c2cc(-c3nc4sccn4c3/C=N/OCc3ccc(Cl)c(Cl)c3)ccc21,5.44
CC1(C)CCN(S(=O)(=O)c2ccc(F)cc2)c2ccc(C(O)(C(F)(F)F)C(F)(F)F)cc21,7.44
CC1(C)CCN1Cc1cccc(F)c1CNc1cc(F)c(S(=O)(=O)Nc2cscn2)c(F)c1,4.93
CC1(C)CCN1Cc1cccc(F)c1CNc1cc(F)c(S(=O)(=O)Nc2cscn2)cc1Cl,5.32
CC1(C)CCc2cc(S(=O)(=O)N(CC(=O)O)C3(c4cccc(-c5cc(Cl)cc(Cl)c5)c4)CCC3)ccc2O1,5.52
CC1(C)CN2CCC[C@]2(CNc2cc(F)c(S(=O)(=O)Nc3nccs3)cc2Cl)C1,5.25
CC1(C)Cc2c(c(C(=O)Nc3ccc(F)c(C(F)(F)F)c3)cc3nc(Nc4c(F)cccc4Cl)[nH]c23)O1,5.61
CC1(C)O[C@@H]2C[C@H]3[C@@H]4CCC5=CC(=O)C=C[C@]5(C)[C@@]4(F)[C@@H](O)C[C@]3(C)[C@]2(C(=O)CO)O1,4.64
CC1(C)S[C@@H]2[C@H](N3C(=O)[C@@H](c4ccccc4)NC3(C)C)C(=O)N2[C@H]1C(=O)[O-].[K+],5.2
CC1(C)S[C@@H]2[C@H](NC(=O)[C@H](N)c3ccccc3)C(=O)N2[C@H]1C(=O)OCOC(=O)[C@@H]1N2C(=O)C[C@H]2S(=O)(=O)C1(C)C,4.82
CC1(COc2ccc(CC3SC(=O)NC3=O)cc2)CCCCC1,5.0
CC1=C(/C=C/C(C)=C/C=C/C(C)=C/C(=O)Oc2c(C)c(C)c3c(c2C)CCC(C)(CCCC(C)CCCC(C)CCCC(C)C)O3)C(C)(C)CCC1,4.68
CC1=C(/C=C/C(C)=C/C=C/C(C)=C/CO)C(C)(C)CCC1,5.32
CC1=C(C(=O)O)N2C(=O)[C@@H](NC(=O)[C@H](N)C3=CCC=CC3)[C@H]2SC1,4.66
CC1=C(C(=O)OC(C)C)C(c2cccc([N+](=O)[O-])c2)C(C(=O)OC2CN(C(c3ccccc3)c3ccccc3)C2)=C(N)N1,5.43
CC1=C(C)C(=O)C(CCCCC#CCCCC#CCO)=C(C)C1=O,4.9
CC1=CC(=O)c2ccccc2C1=O,4.92
CC1=CC[C@@]2(C)CC[C@@](O)(C(C)C)[C@@H]2C(OC(=O)c2ccc(O)cc2)C1,4.89
CC1CC(OC(=O)C(O)c2ccccc2)CC(C)(C)C1,5.28
CC1CC=C(c2cc(C(N)=O)nc3cc(CN4C(=O)CCC4=O)ccc23)CC1,6.22
CC1CCN(S(=O)(=O)c2ccc(F)cc2)c2ccc(C(O)(C(F)(F)F)C(F)(F)F)cc21,7.8
CC1CCN(c2cc(C(N)=O)nc3cc(CN4C(=O)CCC4=O)ccc23)CC1,6.0
CCC(=O)N(c1ccccc1)C1CCN(CCc2ccccc2)CC1,4.5
CCC(=O)OCC(=O)[C@@]1(OC(=O)CC)[C@@H](C)C[C@H]2[C@@H]3CCC4=CC(=O)C=C[C@]4(C)[C@@]3(F)[C@@H](O)C[C@@]21C,5.29
CCC(=O)O[C@H]1CC[C@H]2[C@@H]3CCC4=CC(=O)CC[C@]4(C)[C@H]3CC[C@]12C,5.16
CCC(=O)O[C@]1(C(=O)CCl)[C@@H](C)C[C@H]2[C@@H]3CCC4=CC(=O)C=C[C@]4(C)[C@@]3(F)[C@@H](O)C[C@@]21C,5.555
CCC(=O)O[C@]1(C(=O)SCF)[C@H](C)C[C@H]2[C@@H]3C[C@H](F)C4=CC(=O)C=C[C@]4(C)[C@@]3(F)[C@@H](O)C[C@@]21C,6.0
CCC(=O)[C@@]1(C)[C@H](C)C[C@H]2[C@@H]3CCC4=CC(=O)C=C[C@]4(C)[C@H]3[C@@H](O)C[C@@]21C,5.699999999999999
CCC(C)(C)C(=O)O[C@H]1C[C@@H](C)C=C2C=C[C@H](C)[C@H](CC[C@@H]3C[C@@H](O)CC(=O)O3)[C@H]21,5.54
CCC(C)(C)Cc1c[nH]c(CCc2ccc(-c3ccccn3)cc2)n1,5.46
CCC(C)COc1ccc(C(C)(C)C)cc1NC(=O)c1nnn(-c2cc(OC)ccc2OC)c1C,7.89
CCC(COC(=O)c1cc(OC)c(OC)c(OC)c1)(c1ccccc1)N(C)C,5.15
CCC(Nc1nnc(-c2ccc(OC)cc2)o1)[C@H]1CC[C@@H](c2ccnc3c(F)cc(F)cc32)CC1,6.26
CCC(Nc1nnc(-c2ccc(OC)cc2)o1)[C@H]1CC[C@@H](c2ccnc3ccc(C(F)(F)F)cc32)CC1,5.97
CCC(Nc1nnc(-c2ccc(OC)cc2)o1)[C@H]1CC[C@@H](c2ccnc3ccc(F)cc32)CC1,6.03
CCC(O)(c1ccc(C2(S(=O)(=O)c3ccc(F)cc3)CCCC2)cc1)C(F)(F)F,7.32
CCC(c1nc2ncc(Cl)cc2[nH]1)[C@H]1CC[C@@H](c2ccnc3ccc(C(F)(F)F)cc32)CC1,5.92
CCC1(C(=O)N2CC[C@](c3ccc(C(F)(C(F)(F)F)C(F)(F)F)cc3)(S(=O)(=O)c3ccc(F)cc3)C2)CCS(=O)(=O)CC1,5.28
CCCC(=O)Nc1nn(C)c2nc3cc(C)ccc3cc12,4.09
CCCC(C(=O)OCCN(CC)CC)(c1ccccc1)c1ccccc1.Cl,4.85
CCCC(C)Oc1ccc(C(C)(C)C)cc1NC(=O)c1nnn(-c2cc(C)ccc2OC)c1C,7.955
CCCC(C)Oc1ccc(C(C)(C)C)cc1NC(=O)c1nnn(-c2cc(Cl)ccc2OC)c1C,7.76
CCCC(C)Oc1ccc(C(C)(C)C)cc1NC(=O)c1nnn(-c2cc(OC)ccc2OC)c1C,7.85
CCCC(CCC)Oc1ccc(-c2ccccc2-c2nn[nH]n2)cc1NC(=O)Nc1ccc(C)cc1,6.0
CCCC(O)(c1ccc(N(CC(F)(F)F)S(=O)(=O)c2ccccc2)cc1)C(F)(F)F,6.65
CCCCCC(=O)O[C@]1(C(C)=O)CC[C@H]2[C@@H]3CCC4=CC(=O)CC[C@]4(C)[C@H]3CC[C@@]21C,5.77
CCCCCCC(C)(C)c1cc(O)c2c(c1)OC(C)(C)C1CCC(=O)CC21,5.54
CCCCCCCCCC(CC)c1ccc(S(=O)(=O)[O-])cc1.[Na+],4.8
CCCCCCCCCCCCCCCC[N+](C)(C)CCN(Cc1ccc(OC)cc1)c1ncccn1.[Br-],4.95
CCCCCCCCCCCC[N+](C)(C)CCOc1ccccc1,4.779999999999999
CCCCCCCCCCC[C@@H](C[C@@H]1OC(=O)[C@H]1CCCCCC)OC(=O)[C@H](CC(C)C)NC=O,5.175
CCCCCCCCOc1ccc(C(C)(C)C)cc1NC(=O)c1nnn(-c2cc(OC)ccc2OC)c1C,6.24
CCCCCCCCOc1ccccc1C(=O)Nc1ccc(C(=O)OCC[N+](C)(CC)CC)cc1.[Br-],4.865
CCCCCCOC(=O)NC(=N)c1ccc(NCc2nc3cc(C(=O)N(CCC(=O)OCC)c4ccccn4)ccc3n2C)cc1,5.43
CCCCCCOc1ccc(C(C)(C)C)cc1NC(=O)c1nnn(-c2cc(OC)ccc2OC)c1C,7.36
CCCCCCOc1ccccc1C(N)=O,4.75
CCCCCCn1cnc2cc(NS(=O)(=O)c3c(C)c(C)c(C)c(C)c3C)ccc21,7.89
CCCCCCn1cnc2cc(NS(=O)(=O)c3ccccc3Cl)ccc21,7.26
CCCCCNC(=N)N/N=C/c1c[nH]c2ccc(OC)cc12,4.82
CCCCCOc1ccc(C(C)(C)C)cc1NC(=O)c1nnn(-c2cc(OC)ccc2OC)c1C,7.37
CCCCC[C@H](O)/C=C/[C@H]1[C@H](O)CC(=O)[C@@H]1C/C=C\CCCC(=O)O,6.109999999999999
CCCCCc1cc(O)c2c(c1)OC(C)(C)[C@@H]1CCC(C)=C[C@@H]21,4.9
CCCCN(CCCC)c1cc(NC(=O)c2nnn(-c3cc(OC)ccc3OC)c2C)cc(C(C)(C)C)c1,6.3
CCCCN(Cc1cc(Cl)c(O)c(Cl)c1)c1ccc(C(O)(C(F)(F)F)C(F)(F)F)cc1,6.6
CCCCN(c1ccc([Si](C)(C)O)cc1)S(=O)(=O)c1ccccc1,5.19
CCCCN1CCCC1C(=O)Nc1c(C)cc(C)cc1C,5.23
CCCCNc1cc(NC(=O)c2nnn(-c3cc(OC)ccc3OC)c2C)cc(C(C)(C)C)c1,6.89
CCCCNc1ccc(NC(=O)c2nnn(-c3cc(OC)ccc3OC)c2C)cc1C(C)(C)C,5.775
CCCCOC(C)(C)c1ccc(S(=O)(=O)c2nnn(-c3cc(OC)ccc3OC)c2C)cc1,5.87
CCCCOc1cc(NC(=O)c2nnn(-c3cc(OC)ccc3OC)c2C)cc(C(C)(C)C)c1,6.68
CCCCOc1ccc(C(C)(C)C)cc1NC(=O)c1nnn(-c2c(OC)cccc2OC)c1C,6.62
CCCCOc1ccc(C(C)(C)C)cc1NC(=O)c1nnn(-c2cc(Br)ccc2OC)c1C,7.4
CCCCOc1ccc(C(C)(C)C)cc1NC(=O)c1nnn(-c2cc(C(F)(F)F)ccc2OC)c1C,6.695
CCCCOc1ccc(C(C)(C)C)cc1NC(=O)c1nnn(-c2cc(C)ccc2OC)c1C,7.49
CCCCOc1ccc(C(C)(C)C)cc1NC(=O)c1nnn(-c2cc(Cl)ccc2OC)c1C,7.359999999999999
CCCCOc1ccc(C(C)(C)C)cc1NC(=O)c1nnn(-c2cc(F)ccc2OC)c1C,7.09
CCCCOc1ccc(C(C)(C)C)cc1NC(=O)c1nnn(-c2cc(OC(F)(F)F)ccc2OC)c1C,6.75
CCCCOc1ccc(C(C)(C)C)cc1NC(=O)c1nnn(-c2cc(OC)cc(OC)c2)c1C,5.55
CCCCOc1ccc(C(C)(C)C)cc1NC(=O)c1nnn(-c2cc(OC)ccc2Br)c1C,5.88
CCCCOc1ccc(C(C)(C)C)cc1NC(=O)c1nnn(-c2cc(OC)ccc2C)c1C,6.35
CCCCOc1ccc(C(C)(C)C)cc1NC(=O)c1nnn(-c2cc(OC)ccc2Cl)c1C,7.8
CCCCOc1ccc(C(C)(C)C)cc1NC(=O)c1nnn(-c2cc(OC)ccc2F)c1C,6.555
CCCCOc1ccc(C(C)(C)C)cc1NC(=O)c1nnn(-c2cc(OC)ccc2OC)c1C,7.62
CCCCOc1ccc(C(C)(C)C)cc1NC(=O)c1nnn(-c2ccc(OC)c(OC)c2)c1C,5.36
CCCCOc1ccc(C(C)(C)C)cc1NC(=O)c1nnn(-c2ccc(OC)cc2OC)c1C,5.875
CCCCOc1ccc(C(C)(C)C)cc1NC(=O)c1nnn(-c2ccc3c(c2)OCO3)c1C,5.34
CCCCOc1ccc(C(C)(C)C)cc1NC(=O)c1nnn(-c2cccc(OC)c2)c1C,5.855
CCCCOc1ccc(C(C)(C)C)cc1NC(=O)c1nnn(-c2cccc(OC)c2OC)c1C,6.24
CCCCOc1ccc(C(C)(C)C)cc1NC(=O)c1nnn(-c2ccccc2)c1C,6.27
CCCCOc1ccc(C(C)(C)C)cc1NC(=O)c1nnn(-c2ccccc2OC)c1C,6.4
CCCCOc1ccc(C(C)(C)C)cc1NC(=O)c1nnn(-c2cccnc2)c1C,5.245
CCCCOc1ccc(C(C)(C)C)cc1NC(=O)c1nnn(-c2cccnc2OC)c1C,6.16
CCCCOc1ccc(NC(=O)c2nnn(-c3cc(OC)ccc3OC)c2C)cc1C(C)(C)C,5.32
CCCC[C@H](NC(=O)Cc1c[nH]c2ccc(OC)cc12)c1ncc(-c2cc3ccccc3nc2OC)[nH]1,5.6
CCCC[C@H](NC(=O)Cc1c[nH]c2ccccc12)c1ncc(-c2cc3ccccc3nc2OC)[nH]1,5.36
CCCC[C@H](NC(=O)[C@H](C)c1c(C)[nH]c2ccc(O)cc12)c1ncc(-c2cc3ccccc3nc2OC)[nH]1,5.72
CCCC[C@H](NC(=O)[C@H](C)c1c(C)[nH]c2ccc(OC)cc12)c1ncc(-c2cc3ccccc3nc2OC)[nH]1,5.54
CCCC[C@]1(O)[C@@H]2[C@H](C[C@H](O)[C@]3(C)[C@@H]([C@H](C)CCC(=O)O)CC[C@@H]23)[C@@]2(C)CC[C@@H](O)C[C@H]2[C@H]1CC,4.35
CCCCc1cc2c(c(NC(C)=O)n1)c(=O)oc1ccccc12,4.05
CCCN(CC1CC1)c1nc(C)nc(Nc2c(Cl)cc(Cl)cc2Cl)c1Cl,5.3
CCCN(CCC)C(=O)Cc1c(-c2ccc(Cl)cc2)nc2ccc(Cl)cn12,6.52
CCCN1CC(NS(=O)(=O)N(CC)CC)CC2Cc3c(O)cccc3CC21,5.355
CCCNc1nc(Cl)nc(Nc2ccc(Cl)cc2)n1,4.32
CCCOCCN(C(=O)CCl)c1c(CC)cccc1CC,6.31
CCCO[C@H]1[C@@H]([C@@H](COCc2ccc(Cl)cc2)OCc2ccc(Cl)cc2)OC(OCC)[C@@H]1O,5.01
CCCOc1ccc(C(C)(C)C)cc1NC(=O)c1nnn(-c2cc(OC)ccc2OC)c1C,7.26
CCC[C@@H](C)Oc1ccc(C(C)(C)C)cc1NC(=O)c1nnn(-c2cc(C)ccc2OC)c1C,7.96
CCC[C@@H](C)Oc1ccc(C(C)(C)C)cc1NC(=O)c1nnn(-c2cc(Cl)ccc2OC)c1C,7.37
CCC[C@@H](C)Oc1ccc(C(C)(C)C)cc1NC(=O)c1nnn(-c2cc(OC)ccc2OC)c1C,7.58
CCC[C@@]1(CCc2ccccc2)CC(O)=C([C@H](CC)c2cccc(NS(=O)(=O)c3ccc(C(F)(F)F)cn3)c2)C(=O)O1,6.58
CCC[C@H](C)Oc1ccc(C(C)(C)C)cc1NC(=O)c1nnn(-c2cc(C)ccc2OC)c1C,8.225000000000001
CCC[C@H](C)Oc1ccc(C(C)(C)C)cc1NC(=O)c1nnn(-c2cc(Cl)ccc2OC)c1C,7.95
CCC[C@H](C)Oc1ccc(C(C)(C)C)cc1NC(=O)c1nnn(-c2cc(OC)ccc2OC)c1C,8.22
CCCc1ccc(S(=O)(=O)Nc2ccc3c(c2)ncn3Cc2ccccc2)cc1,7.28
CCCc1nn(C)c(C(=O)Nc2cccc3ccccc23)c1Cl,4.41
CCCn1c(C)c(C(=O)c2cccc3ccccc23)c2ccccc21,5.58
CCN(/N=C/c1ccc(Cl)cc1)c1cc(=O)n(C)c(=O)[nH]1,4.11
CCN(CC)Cc1nccn1-c1ccc([N+](=O)[O-])cc1C(=O)c1ccccc1Cl,5.25
CCN(c1cc(-c2ccc(CN3CCOCC3)cc2)cc(C(=O)NCc2c(C)cc(C)[nH]c2=O)c1C)C1CCOCC1,4.76
CCN(c1ccc(C(O)(C(F)(F)F)C(F)(F)F)cc1)S(=O)(=O)c1ccccc1,7.41
CCN(c1ccc([Si](C)(C)O)cc1)S(=O)(=O)c1ccccc1,5.72
CCNC(=O)N1C[C@@H](c2ccc(C(O)(C(F)(F)F)C(F)(F)F)cc2)[C@@](C)(c2ccccc2)C1,5.75
CCOC(=O)C1=C(C)NC(C)=C(C(=O)OC)C1c1cccc(Cl)c1Cl,5.41
CCOC(=O)C1=C(C)NC(C)=C(C(=O)OC)C1c1cccc([N+](=O)[O-])c1,5.205
CCOC(=O)C1=C(C)NC(C)=C(C(=O)OCC)C1c1ccccc1/C=C/C(=O)OC(C)(C)C,5.91
CCOC(=O)C1=C(COCCN)NC(C)=C(C(=O)OC)C1c1ccccc1Cl.O=S(=O)(O)c1ccccc1,4.5
CCOC(=O)C1=C[C@]2(CC)CCCN3CCc4c(n1c1ccccc41)[C@@H]32,4.73
CCOC(=O)N1CCC(=C2c3ccc(Cl)cc3CCc3cccnc32)CC1,5.0
CCOC(=O)N1C[C@@H](c2ccc(C(O)(C(F)(F)F)C(F)(F)F)cc2)[C@@](C)(c2ccccc2)C1,6.22
CCOC(=O)Nc1ccc2c(c1)N(C(=O)CCN1CCOCC1)c1ccccc1S2,4.77
CCOC(=O)O[C@]1(C(=O)OCCl)CC[C@H]2[C@@H]3CCC4=CC(=O)C=C[C@]4(C)[C@H]3[C@@H](O)C[C@@]21C,5.59
CCOC(=O)c1c(CSc2ccccc2)n(C)c2cc(Br)c(O)c(CN(C)C)c12,5.895
CCOCC(Nc1nnc(-c2ccc(OC)cc2)o1)[C@H]1CC[C@@H](c2ccnc3ccc(C(F)(F)F)cc32)CC1,5.32
CCOP(=O)(OCC)C(=Cc1c2ccccc2cc2ccccc12)P(=O)(OCC)OCC,6.54
CCOP(=O)(OCC)C(=Cc1cc(C(C)(C)C)c(O)c(C(C)(C)C)c1)P(=O)(OCC)OCC,6.76
CCOP(=O)(OCC)C(=Cc1ccccc1)P(=O)(OCC)OCC,6.57
CCOP(=O)(OCC)O/C(=C/Cl)c1ccc(Cl)cc1Cl,5.0
CCOc1cc(CC(=O)N[C@@H](CC(C)C)c2ccccc2N2CCCCC2)ccc1C(=O)O,4.6
CCOc1cc(NC(=O)c2nnn(-c3cc(OC)ccc3OC)c2C)nc(OCC)n1,4.9
CCOc1ccc(-c2cccc(N(CC34CCC(c5noc(C(C)(C)C)n5)(CC3)CC4)C(=O)C34CC(F)(C3)C4)c2)cn1,4.3
CCOc1ccc(C(C)(C)C)cc1NC(=O)c1nnn(-c2cc(OC)ccc2OC)c1C,6.77
CCOc1ccc2c(C(=O)N[C@H](c3ccccc3)C(F)(F)F)c(CN3CCC(N4CCCCC4)CC3)c(-c3cccc(C(F)(F)F)c3)nc2c1,5.89
CCOc1ccccc1C(=O)Nc1cccc2c1C(=O)N(CC1CC1)C2,5.37
CCOc1nc2cccc(C(=O)OC(C)OC(=O)OC3CCCCC3)c2n1Cc1ccc(-c2ccccc2-c2nn[nH]n2)cc1,5.58
CCOc1ncc(-c2cccc(N(CC34CCC(c5noc(C(C)(C)C)n5)(CC3)CC4)C(=O)C34CC(F)(C3)C4)c2)cn1,4.3
CCOc1ncc(-c2cccc(N(CC34CCC(c5noc(C(C)(C)C)n5)(CC3)CC4)C(=O)[C@H]3C[C@@](C)(O)C3)c2)cn1,5.82
CCOc1ncc(-c2cccc(N(CC34CCC(c5noc(C(C)(C)C)n5)(CC3)CC4)C(=O)[C@H]3C[C@](O)(C(F)(F)F)C3)c2)cn1,4.3
CCOc1ncc(-c2cccc(N(CC34CCC(c5noc(C(F)F)n5)(CC3)CC4)C(=O)C34CC(F)(C3)C4)c2)cn1,5.7
CCS(=O)(=O)NC(=O)c1ccc2c(C3CCCCC3)c3n(c2c1)C[C@@]1(C(=O)N2C4CCC2CN(C)C4)C[C@H]1c1cc(F)ccc1-3,5.56
CCS(=O)(=O)c1ccc(CC(=O)Nc2nc(-c3cccc(Cl)c3)c(C(=O)c3ccccc3Cl)s2)cc1,6.58
CCS(=O)(=O)c1ccc(CNC(=O)N2C[C@@H](c3ccc(C(O)(C(F)(F)F)C(F)(F)F)cc3)[C@@](C)(c3ccc(F)cc3)C2)cc1,8.3
CCS(=O)(=O)c1cccc(-c2ccc(-c3nnc(C4(c5ccc(Cl)cc5)CCC4)n3C)c(Cl)c2)c1,4.6
CCS(=O)(=O)c1ccccc1-c1ccc(-c2nnc(C3(c4ccc(Cl)cc4)CCC3)n2C)c(Cl)c1,6.16
CCSc1ccc2c(c1)N(CCCN1CCN(C)CC1)c1ccccc1S2,4.58
CCSc1ccccc1-c1ccc(-c2nnc(C3(c4ccc(Cl)cc4)CCC3)n2C)c(Cl)c1,5.77
CC[C@@H](C(=O)[C@@H](C)[C@@H](O)[C@H](C)CCc1ccc(C)c(O)c1C(=O)[O-])[C@H]1O[C@](CC)([C@H]2CC[C@](O)(CC)[C@H](C)O2)C[C@@H]1C.[Na+],5.0
CC[C@@H](NC(=O)c1ccc(OC)nc1)[C@H]1CC[C@@H](c2ccnc(OC)c2C(F)F)CC1,5.72
CC[C@@H]1Cc2cc(O)ccc2C2=C1c1ccc(O)cc1C[C@H]2CC,5.07
CC[C@@]12CCCN3CCc4c(n(c5ccccc45)C(=O)C1)[C@H]32,4.875
CC[C@H]1CCCN1c1cc(-c2ccccc2O)nnc1N,6.7
CC[C@H]1CCCN1c1cc(-c2ccco2)nnc1N,5.06
CC[C@H]1[C@@H](O)[C@@H]2[C@H](CC[C@]3(C)[C@@H]([C@H](C)CCC(=O)O)CC[C@@H]23)[C@@]2(C)CC[C@@H](O)C[C@@H]12,4.58
CC[C@]1(O)C[C@H]2[C@H]3[C@H](c4ccc(F)cc4)[C@@H](O[C@H](C)c4cc(C(F)(F)F)cc(C(F)(F)F)c4)CN3C(=O)[C@H]2C1,5.48
CC[C@]1(c2ccccc2)CN(C(=O)NCc2ccccc2)C[C@H]1c1ccc(C(O)(C(F)(F)F)C(F)(F)F)cc1,6.69
CC[C@]12CCCN3CCc4c(n(c5cc(Br)ccc45)[C@@](O)(C(=O)OC)C1)[C@@H]32,4.99
CCc1c(S(=O)(=O)c2ccc(C(C)(C)C)cc2)nnn1-c1cc(C)ccc1OC,6.05
CCc1c(S(=O)(=O)c2ccc(C(C)(C)C)cc2)nnn1-c1cc(Cl)ccc1OC,6.09
CCc1c(S(=O)(=O)c2ccc(C(C)(C)C)cc2)nnn1-c1cc(OC)ccc1OC,6.199999999999999
CCc1cc(OC)c(-n2nnc(S(=O)(=O)c3ccc(C(C)(C)C)cc3)c2C)cc1C,6.025
CCc1cc(OC)c(-n2nnc(S(=O)(=O)c3ccc(C(C)(C)C)cc3)c2C)cc1Cl,5.99
CCc1cc(OC)c(-n2nnc(S(=O)(=O)c3ccc(C(C)(C)C)cc3)c2C)cc1OC,6.13
CCc1cc2c(cc1N1CCC(N3CCOCC3)CC1)C(C)(C)c1[nH]c3cc(C#N)ccc3c1C2=O,5.47
CCc1ccc(-c2nc3cc(NC(=O)c4cc([N+](=O)[O-])ccc4Br)ccc3o2)cc1,4.39
CCc1cccc(NC(=O)c2nnn(-c3cc(OC)ccc3OC)c2C)c1,4.79
CCc1oc2ccccc2c1C(=O)c1cc(Br)c(O)c(Br)c1,4.58
CCn1cc(-c2cc(C(N)=O)nc3cc(CN4C(=O)CCC4=O)ccc23)cn1,4.52
CN(C)C(=O)C(C)(C)c1ccc2c(-c3ccc(F)cc3)cc(C(N)=O)nc2c1,5.46
CN(C)CC/C=C1/c2ccccc2Sc2ccc(Cl)cc21,4.845
CN(C)CCC=C1c2ccccc2C(C)(C)c2ccccc21,4.85
CN(C)CCCN1C(=O)c2cccc3cccc(c23)C1=O,4.37
CN(C)CCOC1=Cc2ccccc2Sc2ccc(Cl)cc21,4.89
CN(C)S(=O)(=O)NC(=O)c1ccc2c(C3CCCCC3)c3n(c2c1)CC(C(=O)N1CCOCC1)=Cc1ccccc1-3,6.36
CN(C)[C@@H]1C(O)=C(C(=O)NCN2CCCC2)C(=O)[C@@]2(O)C(O)=C3C(=O)c4c(O)cccc4[C@@](C)(O)[C@H]3C[C@@H]12,5.81
CN(C)[C@@H]1C(O)=C(C(=O)NCNCCCC[C@H](N)C(=O)O)C(=O)[C@@]2(O)C(O)=C3C(=O)c4c(O)cccc4[C@@](C)(O)[C@H]3C[C@@H]12,5.41
CN(C)[C@@H]1C(O)=C(C(N)=O)C(=O)[C@@]2(O)C(O)=C3C(=O)c4c(O)ccc(Cl)c4[C@@H](O)[C@H]3C[C@@H]12,5.29
CN(C)c1cc(CNCC(C)(C)C)c(O)c2c1C[C@H]1C[C@H]3[C@H](N(C)C)C(O)=C(C(N)=O)C(=O)[C@@]3(O)C(O)=C1C2=O,4.55
CN(C)c1cc(NC(=O)CNC(C)(C)C)c(O)c2c1C[C@H]1C[C@H]3[C@H](N(C)C)C(O)=C(C(N)=O)C(=O)[C@@]3(O)C(O)=C1C2=O,5.62
CN(C/C=C/c1ccccc1)Cc1cccc2ccccc12,4.84
CN(CCCN1c2ccccc2CCc2ccccc21)CC(=O)c1ccc(Cl)cc1,5.71
CN(CCOc1ccc(CC2SC(=O)NC2=O)cc1)c1ccccn1,4.8
CN(Cc1ccc(C(C)(C)C)cc1)Cc1cccc2ccccc12,4.7
CN(Cc1cccc(F)c1CNc1cc(F)c(S(=O)(=O)Nc2cscn2)c(F)c1)C(C)(C)C,5.03
CN(c1ccc([Si](C)(C)O)cc1)S(=O)(=O)c1ccccc1,5.47
CN1C(=O)[C@@H](NC(=O)c2n[nH]c(Cc3ccccc3)n2)COc2ccccc21,4.89
CN1CC(=O)N2[C@H](c3ccc4c(c3)OCO4)c3[nH]c4ccccc4c3C[C@@H]2C1=O,5.99
CN1CC2CCC(C1)N2C(=O)[C@]12C[C@H]1c1cc(F)ccc1-c1c(C3CCCCC3)c3ccc(C(=O)NS(=O)(=O)C(C)(C)C)cc3n1C2,4.78
CN1CC2CCC(C1)N2C(=O)[C@]12C[C@H]1c1cc(F)ccc1-c1c(C3CCCCC3)c3ccc(C(=O)NS(=O)(=O)C4(C)CC4)cc3n1C2,4.78
CN1CC2CCC(C1)N2C(=O)[C@]12C[C@H]1c1cc(F)ccc1-c1c(C3CCCCC3)c3ccc(C(=O)NS(C)(=O)=O)cc3n1C2,5.08
CN1CCC(C(=O)N(CC23CCC(c4nc(C5CC5)no4)(CC2)CC3)c2cccc(-c3nc(C4CC4)no3)c2)CC1,4.3
CN1CCCN=C1/C=C/c1cccc(O)c1,4.7
CN1CCC[C@@H](N(c2cc(C#CC(C)(C)C)sc2C(=O)O)C(=O)[C@H]2CC[C@H](C)CC2)C1=O,4.69
CN1CCC[C@@H]1CCO[C@](C)(c1ccccc1)c1ccc(Cl)cc1,5.44
CN1CCC[C@H](N(c2cc(C#CC(C)(C)C)sc2C(=O)O)C(=O)[C@H]2CC[C@H](C)CC2)C1=O,4.76
CN1CCN(CC/C=C2/c3ccccc3Sc3ccc(S(=O)(=O)N(C)C)cc32)CC1.Cl,5.025
CN1CCN(S(=O)(=O)c2ccc(F)cc2)c2ccc(C(O)(C(F)(F)F)C(F)(F)F)cc21,7.75
CN1CCN=C(c2ccccc2)c2cc(Cl)ccc21,5.51
CN1c2ccccc2C(NCCCCCCC(=O)O)c2ccc(Cl)cc2S1(=O)=O,4.77
CN1c2ccccc2C(NCCCCCCC(=O)[O-])c2ccc(Cl)cc2S1(=O)=O.[Na+],4.65
CNC(=O)C(=O)[C@H](CCC(C)(F)F)NC(=O)[C@@H]1CC2(CCCCC2)CN1C(=O)[C@@H](NC(=O)OC)C(C)(C)C,5.24
CNC(=O)c1c(-c2ccc(F)cc2)oc2ccc(-c3cc(C(=O)NC4(c5ccccn5)CC4)ccc3C)cc12,5.8
CNC(=O)c1cc(Oc2ccc(NC(=O)Nc3ccc(Cl)c(C(F)(F)F)c3)cc2)ccn1,4.74
CNC(=O)c1ccc(N2C(=S)N(c3ccc(C#N)c(C(F)(F)F)c3)C(=O)C2(C)C)cc1F,5.43
CNC(=O)c1csc(C(=O)c2c[nH]c3ccccc23)n1,4.705
CN[C@H](CNc1cc(F)c(S(=O)(=O)Nc2ncc(F)s2)cc1Cl)CC(C)(C)C.Cl,5.0
CN[C@H]1CC[C@@H](c2ccc(Cl)c(Cl)c2)c2ccccc21,4.6
CN[C@H]1CCc2cc(OC)c(OC)c(OC)c2-c2ccc(OC)c(=O)cc21,4.875
CNc1c(C)c2c3c4c(O)c(/C=N/N5CCN(C)CC5)c(c(O)c14)NC(=O)/C(C)=C\C=C\[C@H](C)[C@H](O)[C@@H](C)[C@@H](O)[C@@H](C)[C@H](OC(C)=O)[C@H](C)[C@@H](OC)/C=C/O[C@@](C)(O2)C3=O,5.39
CNc1c(C)c2c3c4c1C(=O)C(=C(/C=N/N1CCN(C)CC1)C4=O)NC(=O)/C(C)=C\C=C\[C@H](C)[C@H](O)[C@@H](C)[C@@H](O)[C@@H](C)[C@H](OC(C)=O)[C@H](C)[C@@H](OC)/C=C/O[C@@](C)(O2)C3=O,5.68
CNc1cc(NC(=O)c2nnn(-c3cc(OC)ccc3OC)c2C)cc(C(C)(C)C)c1,6.48
CNc1cc(OC)c(C(=O)NC2CCN(Cc3ccccc3)C2C)cc1Cl,5.15
CNc1ccc(NC(=O)c2nnn(-c3cc(OC)ccc3OC)c2C)cc1C(C)(C)C,6.12
CO/N=C(\C(=O)N[C@@H]1C(=O)N2C(C(=O)O)=C(COC(C)=O)CS[C@H]12)c1csc(N)n1,4.8
CO/N=C(\C(=O)N[C@@H]1C(=O)N2C(C(=O)O)=C(COC(N)=O)CS[C@H]12)c1ccco1,5.05
CO/N=C(\C(=O)N[C@@H]1C(=O)N2C(C(=O)O)=C(CSc3nc(=O)c(O)nn3C)CS[C@H]12)c1csc(N)n1,6.005
CO/N=C(\C(=O)N[C@@H]1C(=O)N2C(C(=O)O)=C(CSc3nnnn3C)CS[C@H]12)c1csc(N)n1,5.8100000000000005
CO/N=C(\C(=O)N[C@@H]1C(=O)N2C(C(=O)O)=CCS[C@H]12)c1csc(N)n1,4.785
CO/N=C(\C(=O)N[C@@H]1C(=O)N2C(C(=O)[O-])=C(C[N+]3(C)CCCC3)CS[C@H]12)c1csc(N)n1,4.24
COC(=O)C1=C(C#N)NC(C)=C(C(=O)OC(C)C)C1c1cccc([N+](=O)[O-])c1,5.925
COC(=O)C1=C(C)NC(C)=C(C(=O)OC(C)(C)CN(C)CCC(c2ccccc2)c2ccccc2)C1c1cccc([N+](=O)[O-])c1,6.295
COC(=O)C1=C(C)NC(C)=C(C(=O)OC(C)C)C1c1cccc2nonc12,5.28
COC(=O)C1=C(C)NC(C)=C(C(=O)OC)C1c1ccccc1OC(F)F,5.4
COC(=O)C1=C(C)NC(C)=C(C(=O)OC2CCCN(Cc3ccccc3)C2)C1c1cccc([N+](=O)[O-])c1,6.3
COC(=O)C1=C(C)NC(C)=C(C(=O)OCC(C)C)C1c1ccccc1[N+](=O)[O-],5.05
COC(=O)C1=C(C)NC(C)=C(C(=O)OCCN2CCN(C(c3ccccc3)c3ccccc3)CC2)C1c1cccc([N+](=O)[O-])c1,5.1
COC(=O)CC1CN(S(=O)(=O)c2ccc(F)cc2)c2ccc(C(O)(C(F)(F)F)C(F)(F)F)cc2S1,7.26
COC(=O)CN(c1ccc([Si](C)(C)O)cc1)S(=O)(=O)c1ccccc1,5.85
COC(=O)N[C@@H](C)CNc1nccc(-c2cn(C(C)C)nc2-c2cc(Cl)cc(NS(C)(=O)=O)c2F)n1,4.73
COC(=O)N[C@H](C(=O)N1CC2(CCCCC2)C[C@H]1C(=O)N[C@@H](CCC(C)(F)F)C(=O)C(=O)NC1CC1)C(C)(C)C,5.17
COC(=O)N[C@H](C(=O)N1CC2(CCCCC2)C[C@H]1C(=O)N[C@@H](CCC(C)(F)F)C(=O)C(=O)NC1CCCCC1)C(C)(C)C,5.64
COC(=O)N[C@H](C(=O)N1CC2(CCCCC2)C[C@H]1C(=O)N[C@@H](CCC(C)(F)F)C(=O)C(=O)NCc1ccccc1)C(C)(C)C,5.41
COC(=O)N[C@H](C(=O)N1CCC[C@H]1c1ncc(-c2ccc(-c3cc4cc(-c5cnc([C@@H]6CCCN6C(=O)[C@@H](NC(=O)OC)C(C)C)[nH]5)ccc4o3)cc2)[nH]1)C(C)C,5.48
COC(=O)N[C@H](C(=O)N1CCC[C@H]1c1ncc(-c2ccc(-c3ccc(-c4cnc([C@@H]5CCCN5C(=O)[C@@H](NC(=O)OC)C(C)C)[nH]4)cc3)cc2)[nH]1)C(C)C,4.7
COC(=O)N[C@H](C(=O)N[C@@H](Cc1ccccc1)[C@@H](O)CN(Cc1ccc(-c2ccccn2)cc1)NC(=O)[C@@H](NC(=O)OC)C(C)(C)C)C(C)(C)C,4.55
COC(=O)Nc1nc2cc(Sc3ccccc3)ccc2[nH]1,5.0
COC(=O)[C@H](c1ccccc1Cl)N1CCc2sccc2C1,4.8
COC(=O)c1cc(Cn2cc(-c3c(-c4ccc(Cl)cc4)nc4ccccn34)nn2)ccc1Cl,5.0
COC(=O)c1cc(OC)c(-n2nnc(S(=O)(=O)c3ccc(C(C)(C)C)cc3)c2C)cc1C,5.8
COC(=O)c1cc(OC)c(-n2nnc(S(=O)(=O)c3ccc(C(C)(C)C)cc3)c2C)cc1Cl,5.72
COC(=O)c1cc(OC)c(-n2nnc(S(=O)(=O)c3ccc(C(C)(C)C)cc3)c2C)cc1OC,5.555
COC(=O)c1ccc(S(=O)(=O)c2nnn(-c3cc(OC)ccc3OC)c2C)cc1,5.06
COC(c1ccc(C2(S(=O)(=O)c3ccc(F)cc3)CCCC2)cc1)(C(F)(F)F)C(F)(F)F,6.04
COC(c1ccccc1)(c1ccccc1)[C@H](Oc1nc(C)cc(C)n1)C(=O)O,4.5
COC1(c2nnc3c(Oc4cccc(Cl)c4C)cccn23)CCCCCC1,6.82
COC12CC3CC(C1)CC(c1nnc4c(Oc5cccc(Cl)c5C)cccn14)(C3)C2,6.82
COC1=CC(=O)C[C@@H](C)[C@]12Oc1c(Cl)c(OC)cc(OC)c1C2=O,4.92
COCC(=O)N1CCC(C(=O)N2C[C@@H](c3ccc(C(O)(C(F)(F)F)C(F)(F)F)cc3)[C@@](C)(c3ccc(F)cc3)C2)CC1,5.81
COCC(=O)Nc1cc(Sc2ccccc2)ccc1N=C(NC(=O)OC)NC(=O)OC,4.9
COCC(Nc1nnc(-c2ccc(OC)cc2)o1)[C@H]1CC[C@@H](c2ccnc3ccc(F)cc32)CC1,5.52
COCC1=C(C(=O)O)N2C(=O)[C@@H](NC(=O)/C(=N\OC)c3csc(N)n3)[C@H]2SC1,4.96
COCCN(c1ccc([Si](C)(C)O)cc1)S(=O)(=O)c1ccccc1,5.38
COCCOC(=O)C1=C(C)NC(C)=C(C(=O)OC(C)C)C1c1cccc([N+](=O)[O-])c1,6.18
COCCOC(=O)C1=C(C)NC(C)=C(C(=O)OC/C=C/c2ccccc2)C1c1cccc([N+](=O)[O-])c1,6.11
COC[C@H](Nc1cc(F)c(S(=O)(=O)Nc2nccs2)cc1Cl)c1ccccc1,6.38
COCc1cc(Cn2cc(-c3c(-c4ccc(Cl)cc4)nc4ccccn34)nn2)ccc1Cl,5.36
CO[C@@]1(NC(=O)Cc2cccs2)C(=O)N2C(C(=O)O)=C(COC(N)=O)CS[C@@H]21,5.405
CO[C@H](C(=O)[C@@H](O)[C@@H](C)O)[C@@H]1Cc2cc3cc(O[C@H]4C[C@@H](O[C@@H]5C[C@@H](O)[C@H](O)[C@@H](C)O5)[C@H](O)[C@@H](C)O4)c(C)c(O)c3c(O)c2C(=O)[C@H]1O[C@H]1C[C@@H](O[C@@H]2C[C@@H](O)[C@@H](O[C@@H]3C[C@](C)(O)[C@H](O)[C@@H](C)O3)[C@@H](C)O2)[C@H](O)[C@@H](C)O1,4.8
CO[C@H]1/C=C/O[C@@]2(C)Oc3c(C)c(O)c4c(=O)c(c5oc6cccc(OCCCCN7CCN(C(=O)Cn8ccnc8)CC7)c6nc-5c4c3C2=O)NC(=O)/C(C)=C\C=C\[C@H](C)[C@H](O)[C@@H](C)[C@@H](O)[C@@H](C)[C@H](OC(C)=O)[C@@H]1C,5.26
CO[C@H]1/C=C/O[C@@]2(C)Oc3c(C)c(O)c4c(O)c(c(/C=N/N5CCN(C)CC5)c(O)c4c3C2=O)NC(=O)/C(C)=C\C=C\[C@H](C)[C@H](O)[C@@H](C)[C@@H](O)[C@@H](C)[C@H](OC(C)=O)[C@@H]1C,5.85
CO[C@H]1/C=C/O[C@@]2(C)Oc3c(C)c(O)c4c(O)c(c5c(nc6cc(C)ccn65)c4c3C2=O)NC(=O)/C(C)=C\C=C\[C@H](C)[C@H](O)[C@@H](C)[C@@H](O)[C@@H](C)[C@H](OC(C)=O)[C@@H]1C,4.9
CO[C@H]1C[C@@H]2CC[C@@H](C)[C@@](O)(O2)C(=O)C(=O)N2CCCC[C@H]2C(=O)O[C@H]([C@H](C)C[C@@H]2CC[C@@H](O)[C@H](OC)C2)CC(=O)[C@H](C)/C=C(\C)[C@@H](O)[C@@H](OC)C(=O)[C@H](C)C[C@H](C)/C=C/C=C/C=C/1C,5.525
COc1c(C)c2c(c(O)c1C/C=C(\C)CCC(=O)OCCN1CCOCC1)C(=O)OC2,5.17
COc1cc(-c2cccnc2)ccc1-c1nnc(C2(c3ccc(Cl)cc3)CCC2)n1C,5.34
COc1cc(-n2nnc(S(=O)(=O)c3ccc(C(C)(C)C)cc3)c2C)c(OC)cc1Br,6.1899999999999995
COc1cc(-n2nnc(S(=O)(=O)c3ccc(C(C)(C)C)cc3)c2C)c(OC)cc1C,6.26
COc1cc(-n2nnc(S(=O)(=O)c3ccc(C(C)(C)C)cc3)c2C)c(OC)cc1C#N,6.2
COc1cc(-n2nnc(S(=O)(=O)c3ccc(C(C)(C)C)cc3)c2C)c(OC)cc1C(C)=O,6.175
COc1cc(-n2nnc(S(=O)(=O)c3ccc(C(C)(C)C)cc3)c2C)c(OC)cc1C(C)C,6.025
COc1cc(-n2nnc(S(=O)(=O)c3ccc(C(C)(C)C)cc3)c2C)c(OC)cc1Cl,6.135
COc1cc(-n2nnc(S(=O)(=O)c3ccc(C(C)(C)C)cc3)c2C)c(OC)cc1F,5.7
COc1cc(/C=C2\CCCN3C2=NO[C@H](c2cc(F)cc(F)c2)[C@@H]3C)ccc1-n1cnc(C)c1,4.82
COc1cc(/C=N/NC(=O)c2cccc(NC(=O)c3ccccc3)c2)ccc1O,4.12
COc1cc(Br)c(C)cc1-n1nnc(S(=O)(=O)c2ccc(C(C)(C)C)cc2)c1C,5.775
COc1cc(Br)c(Cl)cc1-n1nnc(S(=O)(=O)c2ccc(C(C)(C)C)cc2)c1C,6.24
COc1cc(C#N)c(C)cc1-n1nnc(S(=O)(=O)c2ccc(C(C)(C)C)cc2)c1C,5.8
COc1cc(C#N)c(Cl)cc1-n1nnc(S(=O)(=O)c2ccc(C(C)(C)C)cc2)c1C,6.0
COc1cc(C(=O)NS(=O)(=O)c2ccccc2C)ccc1Cc1cn(C)c2ccc(NC(=O)OC3CCCC3)cc12,5.06
COc1cc(C(C)=O)c(C)cc1-n1nnc(S(=O)(=O)c2ccc(C(C)(C)C)cc2)c1C,5.85
COc1cc(C(C)=O)c(Cl)cc1-n1nnc(S(=O)(=O)c2ccc(C(C)(C)C)cc2)c1C,6.58
COc1cc(C(C)C)c(C)cc1-n1nnc(S(=O)(=O)c2ccc(C(C)(C)C)cc2)c1C,5.890000000000001
COc1cc(C(C)C)c(Cl)cc1-n1nnc(S(=O)(=O)c2ccc(C(C)(C)C)cc2)c1C,5.855
COc1cc(C)c(/C=C/C(C)=C/C=C/C(C)=C/C(=O)O)c(C)c1C,5.01
COc1cc(C)c(C)cc1-n1nnc(S(=O)(=O)c2ccc(C(C)(C)C)cc2)c1C,6.035
COc1cc(C)c(Cl)cc1-n1nnc(S(=O)(=O)c2ccc(C(C)(C)C)cc2)c1C,5.92
COc1cc(CNC(=O)CCCC/C=C/C(C)C)ccc1O,4.9399999999999995
COc1cc(Cl)c(C)cc1-n1nnc(S(=O)(=O)c2ccc(C(C)(C)C)cc2)c1C,6.1
COc1cc(Cl)c(Cl)cc1-n1nnc(S(=O)(=O)c2ccc(C(C)(C)C)cc2)c1C,6.145
COc1cc(F)c(C(C)C)cc1-c1ccc(C(F)(F)F)cc1CN1C(=O)O[C@H](c2cc(C(F)(F)F)cc(C(F)(F)F)c2)[C@@H]1C,5.41
COc1cc(F)c(C)cc1-n1nnc(S(=O)(=O)c2ccc(C(C)(C)C)cc2)c1C,6.1899999999999995
COc1cc(NC(=O)c2nnn(-c3cc(OC)ccc3OC)c2C)cc(C(C)(C)C)c1,6.3
COc1cc(NS(C)(=O)=O)ccc1Nc1c2ccccc2nc2ccccc12,4.57
COc1cc(OC)c(-n2nnc(S(=O)(=O)c3ccc(C(C)(C)C)cc3)c2C)cc1C,6.09
COc1cc(OC)c(-n2nnc(S(=O)(=O)c3ccc(C(C)(C)C)cc3)c2C)cc1Cl,6.465
COc1cc(OC)c(-n2nnc(S(=O)(=O)c3ccc(C(C)(C)C)cc3)c2C)cc1OC,5.9350000000000005
COc1cc2[nH]c(C)c(CCN3CCN(c4ccccc4)CC3)c2cc1OC,6.58
COc1cc2c(cc1NC(=O)Nc1ccc(C)cc1)oc1ccccc12,4.0
COc1cc2c(cc1OC)C(C(C(=O)N(CCc1ccc(OC)c(OC)c1OC)CCc1ccc(OC)c(OC)c1OC)c1ccccc1)=NCC2.Cl,5.15
COc1cc2c(cc1OC)C(CCc1ccc(Cl)cc1)N(C)CC2,5.44
COc1cc2ncnc(Nc3ccc(F)c(Cl)c3)c2cc1NC(=O)/C=C/CN1CCCCC1,4.58
COc1cc2ncnc(Nc3ccc(F)c(Cl)c3)c2cc1OCCCN1CCOCC1,4.7
COc1ccc(-c2ccc(Oc3ccccc3C(C)(C)C)c(NC(=O)Nc3ccccc3F)c2)cc1C(=O)O,5.25
COc1ccc(-c2ccc3cc(C(=O)O)ccc3c2)cc1C12CC3CC(CC(C3)C1)C2,4.59
COc1ccc(-c2oc3ccc(N4CCOCC4)cc3c2C#Cc2ccc(N)cc2)cc1,4.02
COc1ccc(/C=N/Nc2nc3ccccc3[nH]2)cc1OC,4.17
COc1ccc(Br)cc1-n1nnc(S(=O)(=O)c2ccc(C(C)(C)C)cc2)c1C,6.62
COc1ccc(C#N)cc1-n1nnc(S(=O)(=O)c2ccc(C(C)(C)C)cc2)c1C,6.4
COc1ccc(C(C)(C)C)cc1-n1nnc(S(=O)(=O)c2ccc(C(C)(C)C)cc2)c1C,6.47
COc1ccc(C(C)C)cc1-c1ccc(C(F)(F)F)cc1CN1C(=O)O[C@H](c2cc(C(F)(F)F)cc(C(F)(F)F)c2)[C@@H]1C,5.58
COc1ccc(C(F)(F)F)cc1-n1nnc(S(=O)(=O)c2ccc(C(C)(C)C)cc2)c1C,6.195
COc1ccc(C(N)=O)cc1-n1nnc(S(=O)(=O)c2ccc(C(C)(C)C)cc2)c1C,5.785
COc1ccc(C)cc1-c1nc(C)c(S(=O)(=O)c2ccc(C(C)(C)C)cc2)[nH]1,5.925
COc1ccc(C)cc1-c1nc(C)c(S(=O)(=O)c2ccc(C(C)(C)C)cc2)n1C,6.2
COc1ccc(C)cc1-c1ncc(S(=O)(=O)c2ccc(C(C)(C)C)cc2)[nH]1,6.005
COc1ccc(C)cc1-c1ncc(S(=O)(=O)c2ccc(C(C)(C)C)cc2)n1C,5.9
COc1ccc(C)cc1-n1cc(S(=O)(=O)c2ccc(C(C)(C)C)cc2)nn1,6.22
COc1ccc(C)cc1-n1nnc(S(=O)(=O)c2ccc(C(C)(C)C)cc2)c1C,5.9
COc1ccc(C)cc1-n1nnc(S(=O)(=O)c2ccc(C(C)(C)C)cc2)c1C#N,6.74
COc1ccc(C)cc1-n1nnc(S(=O)(=O)c2ccc(C(C)(C)C)cc2)c1C(C)=O,6.4399999999999995
COc1ccc(C)cc1-n1nnc(S(=O)(=O)c2ccc(C(C)(C)C)cc2)c1N,6.55
COc1ccc(C2CNC(=O)OC2(C)C)cc1-c1ccc(C(F)(F)F)cc1[C@@H]1CC[C@H]2[C@@H](c3cc(C(F)(F)F)cc(C(F)(F)F)c3)OC(=O)N12,5.7
COc1ccc(CNC(=O)N2C[C@@H](c3ccc(C(O)(C(F)(F)F)C(F)(F)F)cc3)[C@@](C)(c3ccc(F)cc3)C2)cc1,6.72
COc1ccc(CO)cc1-n1nnc(S(=O)(=O)c2ccc(C(C)(C)C)cc2)c1C,5.85
COc1ccc(Cl)cc1-c1nc(C)c(S(=O)(=O)c2ccc(C(C)(C)C)cc2)[nH]1,6.175
COc1ccc(Cl)cc1-c1nc(C)c(S(=O)(=O)c2ccc(C(C)(C)C)cc2)n1C,6.1899999999999995
COc1ccc(Cl)cc1-c1ncc(S(=O)(=O)c2ccc(C(C)(C)C)cc2)[nH]1,6.165
COc1ccc(Cl)cc1-c1ncc(S(=O)(=O)c2ccc(C(C)(C)C)cc2)n1C,6.09
COc1ccc(Cl)cc1-n1cc(S(=O)(=O)c2ccc(C(C)(C)C)cc2)nn1,6.11
COc1ccc(Cl)cc1-n1nnc(S(=O)(=O)c2ccc(C(C)(C)C)cc2)c1C,6.57
COc1ccc(Cl)cc1-n1nnc(S(=O)(=O)c2ccc(C(C)(C)C)cc2)c1C#N,7.154999999999999
COc1ccc(Cl)cc1-n1nnc(S(=O)(=O)c2ccc(C(C)(C)C)cc2)c1C(C)=O,6.550000000000001
COc1ccc(Cl)cc1-n1nnc(S(=O)(=O)c2ccc(C(C)(C)C)cc2)c1N,6.3
COc1ccc(F)c([C@H](C)Nc2cc(F)c(S(=O)(=O)Nc3cscn3)c(F)c2)c1,5.61
COc1ccc(F)c([C@H](C)Nc2cc(F)c(S(=O)(=O)Nc3cscn3)cc2Cl)c1,5.78
COc1ccc(F)cc1-n1nnc(S(=O)(=O)c2ccc(C(C)(C)C)cc2)c1C,6.4
COc1ccc(OC)c(-c2nc(C)c(S(=O)(=O)c3ccc(C(C)(C)C)cc3)[nH]2)c1,5.46
COc1ccc(OC)c(-c2nc(C)c(S(=O)(=O)c3ccc(C(C)(C)C)cc3)n2C)c1,5.8
COc1ccc(OC)c(-c2ncc(S(=O)(=O)c3ccc(C(C)(C)C)cc3)[nH]2)c1,5.835
COc1ccc(OC)c(-c2ncc(S(=O)(=O)c3ccc(C(C)(C)C)cc3)n2C)c1,5.5
COc1ccc(OC)c(-n2cc(S(=O)(=O)c3ccc(C(C)(C)C)cc3)nn2)c1,5.85
COc1ccc(OC)c(-n2nnc(C(=O)Nc3cc(-c4ccccc4)cc(C(C)(C)C)c3)c2C)c1,7.385
COc1ccc(OC)c(-n2nnc(C(=O)Nc3cc(-c4nnn[nH]4)cc(C(C)(C)C)c3)c2C)c1,5.145
COc1ccc(OC)c(-n2nnc(C(=O)Nc3cc(B4OC(C)(C)C(C)(C)O4)cc(C(C)(C)C)c3)c2C)c1,5.8
COc1ccc(OC)c(-n2nnc(C(=O)Nc3cc(Br)cc(C(C)(C)C)c3)c2C)c1,6.85
COc1ccc(OC)c(-n2nnc(C(=O)Nc3cc(C#N)cc(C(C)(C)C)c3)c2C)c1,6.58
COc1ccc(OC)c(-n2nnc(C(=O)Nc3cc(C(C)(C)C)cc(C(C)(C)C)c3)c2C)c1,6.82
COc1ccc(OC)c(-n2nnc(C(=O)Nc3cc(C(C)(C)C)ccc3N)c2C)c1,6.05
COc1ccc(OC)c(-n2nnc(C(=O)Nc3cc(C(C)(C)C)ccc3NC(=O)OC(C)(C)C)c2C)c1,6.44
COc1ccc(OC)c(-n2nnc(C(=O)Nc3cc(C(C)(C)C)ccc3NC(C)=O)c2C)c1,5.75
COc1ccc(OC)c(-n2nnc(C(=O)Nc3cc(C(C)(C)C)ccc3O)c2C)c1,5.64
COc1ccc(OC)c(-n2nnc(C(=O)Nc3cc(C(C)(C)C)ccc3OC)c2C)c1,5.855
COc1ccc(OC)c(-n2nnc(C(=O)Nc3cc(C(C)(C)C)ccc3OCC#N)c2C)c1,5.89
COc1ccc(OC)c(-n2nnc(C(=O)Nc3cc(C(C)(C)C)ccc3OCCC(C)C)c2C)c1,7.38
COc1ccc(OC)c(-n2nnc(C(=O)Nc3cc(C(C)(C)C)ccc3OCCCCO)c2C)c1,5.47
COc1ccc(OC)c(-n2nnc(C(=O)Nc3cc(C(C)(C)C)ccc3OCCCN(C)C)c2C)c1,5.05
COc1ccc(OC)c(-n2nnc(C(=O)Nc3cc(C(C)(C)C)ccc3OCCCN3CCOCC3)c2C)c1,5.19
COc1ccc(OC)c(-n2nnc(C(=O)Nc3cc(C(C)(C)C)ccc3OCCN(C)C)c2C)c1,5.77
COc1ccc(OC)c(-n2nnc(C(=O)Nc3cc(C(C)(C)C)ccc3OCCN3CCN(C)CC3)c2C)c1,5.08
COc1ccc(OC)c(-n2nnc(C(=O)Nc3cc(C(C)(C)C)ccc3OCCN3CCOCC3)c2C)c1,5.85
COc1ccc(OC)c(-n2nnc(C(=O)Nc3cc(N(C)C)cc(C(C)(C)C)c3)c2C)c1,6.57
COc1ccc(OC)c(-n2nnc(C(=O)Nc3cc(N)cc(C(C)(C)C)c3)c2C)c1,5.52
COc1ccc(OC)c(-n2nnc(C(=O)Nc3cc(O)cc(C(C)(C)C)c3)c2C)c1,5.7
COc1ccc(OC)c(-n2nnc(C(=O)Nc3ccc(C(C)(C)C)cc3)c2C)c1,5.195
COc1ccc(OC)c(-n2nnc(C(=O)Nc3ccc(N(C)C)c(C(C)(C)C)c3)c2C)c1,6.24
COc1ccc(OC)c(-n2nnc(C(=O)Nc3ccc(N)c(C(C)(C)C)c3)c2C)c1,5.97
COc1ccc(OC)c(-n2nnc(C(=O)Nc3ccc(NC(C)=O)c(C(C)(C)C)c3)c2C)c1,5.725
COc1ccc(OC)c(-n2nnc(C(=O)Nc3ccc(O)c(C(C)(C)C)c3)c2C)c1,6.07
COc1ccc(OC)c(-n2nnc(C(=O)Nc3ccc(OC)c(C(C)(C)C)c3)c2C)c1,5.77
COc1ccc(OC)c(-n2nnc(C(=O)Nc3cccc(-n4cccc4)c3)c2C)c1,5.85
COc1ccc(OC)c(-n2nnc(C(=O)Nc3cccc(C(C)(C)C)c3)c2C)c1,6.19
COc1ccc(OC)c(-n2nnc(C(=O)Nc3cccc(C(C)C)c3)c2C)c1,5.52
COc1ccc(OC)c(-n2nnc(C(=O)Nc3cccc(C)c3)c2C)c1,5.21
COc1ccc(OC)c(-n2nnc(C(=O)Nc3cccc(N(C)C)c3)c2C)c1,4.98
COc1ccc(OC)c(-n2nnc(C(=O)Nc3cccc(N4CCCC4)c3)c2C)c1,5.06
COc1ccc(OC)c(-n2nnc(C(=O)Nc3cccc(N4CCCCC4)c3)c2C)c1,4.805
COc1ccc(OC)c(-n2nnc(C(=O)Nc3ccccc3)c2C)c1,4.6
COc1ccc(OC)c(-n2nnc(C(=O)Nc3ccccc3C(C)(C)C)c2C)c1,5.53
COc1ccc(OC)c(-n2nnc(C(=O)Nc3nc4ccccc4n3C)c2C)c1,4.99
COc1ccc(OC)c(-n2nnc(S(=O)(=O)Cc3ccccc3)c2C)c1,5.734999999999999
COc1ccc(OC)c(-n2nnc(S(=O)(=O)Nc3ccc(C(C)(C)C)cc3)c2C)c1,6.68
COc1ccc(OC)c(-n2nnc(S(=O)(=O)c3ccc(C(C)(C)C)cc3)c2C#N)c1,6.52
COc1ccc(OC)c(-n2nnc(S(=O)(=O)c3ccc(C(C)(C)C)cc3)c2C(C)=O)c1,5.9399999999999995
COc1ccc(OC)c(-n2nnc(S(=O)(=O)c3ccc(C(C)(C)C)cc3)c2C)c1,6.72
COc1ccc(OC)c(-n2nnc(S(=O)(=O)c3ccc(C(C)(C)C)cc3)c2N)c1,6.37
COc1ccc(OC)c(-n2nnc(S(=O)(=O)c3ccc(C(C)(C)O)cc3)c2C)c1,5.04
COc1ccc(OC)c(-n2nnc(S(=O)(=O)c3ccc(C(C)(C)OC)cc3)c2C)c1,5.64
COc1ccc(OC)c(-n2nnc(S(=O)(=O)c3ccc(C)cc3)c2C)c1,5.55
COc1ccc(OC)c(-n2nnc(S(=O)(=O)c3ccc(Cl)cc3)c2C)c1,5.68
COc1ccc(OC)c(-n2nnc(S(=O)(=O)c3ccc(N)cc3)c2C)c1,5.23
COc1ccc(OC)c(-n2nnc(S(=O)(=O)c3ccc(O)cc3)c2C)c1,4.88
COc1ccc(OC)c(-n2nnc(S(=O)(=O)c3ccccc3)c2C)c1,5.65
COc1ccc(S(=O)(=O)c2nnn(-c3cc(OC)ccc3OC)c2C)cc1,5.65
COc1ccc([C@@H](C)O)cc1-n1nnc(S(=O)(=O)c2ccc(C(C)(C)C)cc2)c1C,6.16
COc1ccc([C@H](C)O)cc1-n1nnc(S(=O)(=O)c2ccc(C(C)(C)C)cc2)c1C,6.04
COc1ccc([C@H]2CCC(=O)N[C@@H]2C)cc1-c1ccc(C(F)(F)F)cc1[C@@H]1CC[C@H]2[C@@H](c3cc(C(F)(F)F)cc(C(F)(F)F)c3)OC(=O)N12,6.52
COc1ccc([C@H]2OC(=O)N[C@@H]2C)cc1-c1ccc(C(F)(F)F)cc1[C@@H]1CC[C@H]2[C@@H](c3cc(C(F)(F)F)cc(C(F)(F)F)c3)OC(=O)N12,4.89
COc1ccc2c(c1)C(=O)N(CCc1ccc(S(=O)(=O)NC(=O)NC3CCCCC3)cc1)C(=O)C2(C)C,4.83
COc1ccc2c(c1)C1CC1(C(=O)N1C3CC1CN(Cc1ccccc1)C3)Cn1c-2c(C2CCCCC2)c2ccc(C(=O)NS(=O)(=O)N(C)C)cc21,5.7
COc1ccc2c(c1)C1CC1(C(=O)N1C3CCC1CN(C)C3)Cn1c-2c(C2CCCCC2)c2ccc(C(=O)NS(=O)(=O)N(C)C)cc21,6.0
COc1ccc2c(c1)C1CC1(C(=O)N1C3CCC1CNC3)Cn1c-2c(C2CCCCC2)c2ccc(C(=O)NS(=O)(=O)N(C)C)cc21,5.05
COc1ccc2c(c1)C1CC1(C(=O)N1CC3CCC(C1)N3C)Cn1c-2c(C2CCCCC2)c2ccc(C(=O)NS(=O)(=O)N(C)C)cc21,5.52
COc1ccc2c(c1)C1CC1(C(=O)N1CC3CCC(C1)O3)Cn1c-2c(C2CCCCC2)c2ccc(C(=O)NS(=O)(=O)N(C)C)cc21,6.22
COc1ccc2nc3cc(Cl)ccc3c(Nc3cc(CN4CCCC4)c(O)c(CN4CCCC4)c3)c2n1,4.77
COc1cccc(-c2nc3ccccc3c(=S)[nH]2)c1,6.07
COc1cccc(N(C)C(=S)Oc2ccc3c(c2)CCCC3)n1,5.96
COc1cccc2c1C(=O)c1c(O)c3c(c(O)c1C2=O)C[C@@](O)(C(C)=O)C[C@@H]3O[C@H]1C[C@H](N)[C@H](O)[C@H](C)O1,5.03
COc1ccccc1-c1cc2cc(C(C)(C)C(=O)NC(C)(C)C)ccc2n1CC(=O)NC(C)(C)C,6.13
COc1ccccc1-n1nnc(S(=O)(=O)c2ccc(C(C)(C)C)cc2)c1C,6.1
COc1ccccc1N1CCN(CC(O)COc2cccc3ccccc23)CC1,4.89
COc1ccccc1Nc1nc(NCCO)nc(N)c1[N+](=O)[O-],4.75
COc1ccccc1OCCNCC(O)COc1cccc2[nH]c3ccccc3c12,5.025
COc1ccccc1Oc1c(NS(=O)(=O)c2ccc(C(C)(C)C)cc2)nc(-c2ncccn2)nc1OCCO,4.975
COc1nc2ccc(Br)cc2cc1[C@@H](c1ccccc1)[C@@](O)(CCN(C)C)c1cccc2ccccc12,4.93
CS(=O)(=O)C1CCC(C(=O)N2CC[C@](c3ccc(C(F)(C(F)(F)F)C(F)(F)F)cc3)(S(=O)(=O)c3ccc(F)cc3)C2)CC1,5.75
CS(=O)(=O)c1cc(C#N)ccc1C(=O)N1CCC(N(C2CC2)S(=O)(=O)c2cccc(C(F)(F)F)c2)CC1,5.08
CS(=O)(=O)c1cc(C(F)(F)F)ccc1C(=O)N1CCC(N(C2CC2)S(=O)(=O)c2cccc(C(F)(F)F)c2)CC1,5.37
CS(=O)(=O)c1ccc(C#N)cc1C(=O)N1CCC(N(C2CC2)S(=O)(=O)c2cccc(C(F)(F)F)c2)CC1,5.3
CS(=O)(=O)c1ccc(C(=O)N2CCC(N(C3CC3)S(=O)(=O)c3cccc(C(F)(F)F)c3)CC2)c(C(F)(F)F)c1,5.55
CS(=O)(=O)c1ccc(C(=O)N2CCC(N(C3CC3)S(=O)(=O)c3cccc(C(F)(F)F)c3)CC2)c(Cl)c1,4.97
CS(=O)(=O)c1ccc(C(=O)N2CCC(N(C3CC3)S(=O)(=O)c3cccc(C(F)(F)F)c3)CC2)c(F)c1,5.17
CS(=O)(=O)c1ccc(C(=O)N2CCC(N(C3CC3)S(=O)(=O)c3cccc(C(F)(F)F)c3)CC2)c(OC(F)(F)F)c1,5.77
CS(=O)(=O)c1ccc(Cl)c(C(=O)N2CCC(N(C3CC3)S(=O)(=O)c3cccc(C(F)(F)F)c3)CC2)c1,5.57
CS(=O)(=O)c1ccc(F)cc1C(=O)N1CCC(N(C2CC2)S(=O)(=O)c2cccc(C(F)(F)F)c2)CC1,6.37
CS(=O)(=O)c1ccccc1Oc1cccn2c(C3(c4ccc(Cl)cc4)CC3)nnc12,6.16
C[C@@H](O[C@H]1CN2C(=O)CC[C@H]2[C@@H]1c1ccc(F)cc1)c1cc(C(F)(F)F)cc(C(F)(F)F)c1,5.32
C[C@@H](O[C@H]1CN2C(=O)[C@H]3C[C@@H](O)C[C@H]3[C@H]2[C@@H]1c1ccc(F)cc1)c1cc(C(F)(F)F)cc(C(F)(F)F)c1,5.35
C[C@@H](O[C@H]1CN2C(=O)[C@H]3C[C@@](C)(O)C[C@H]3[C@H]2[C@@H]1c1ccc(F)cc1)c1cc(C(F)(F)F)cc(C(F)(F)F)c1,5.08
C[C@@H](Oc1cc(-c2cnn(C3CCNCC3)c2)cnc1N)c1c(Cl)ccc(F)c1Cl,5.16
C[C@@H]1CCCCN1c1cc(-c2ccccc2O)nnc1N,5.7
C[C@@H]1CCCN1c1cc(-c2ccccc2O)nnc1N,5.37
C[C@@H]1CC[C@H]2[C@@H](C)C(=O)O[C@@H]3O[C@@]4(C)CC[C@@H]1[C@]32OO4,4.52
C[C@@H]1C[C@H]2[C@@H]3CCC4=CC(=O)C=C[C@]4(C)[C@@]3(F)[C@@H](O)C[C@]2(C)[C@H]1C(=O)CO,4.5
C[C@@H]1C[C@H]2[C@@H]3C[C@H](F)C4=CC(=O)C=C[C@]4(C)[C@@]3(F)[C@@H](O)C[C@]2(C)[C@H]1C(=O)CO,6.01
C[C@@]1(c2ccc(C(O)(C(F)(F)F)C(F)(F)F)cc2)CN(C(=O)NCc2ccccc2)C[C@@H]1c1ccccc1,7.22
C[C@@]1(c2ccc(F)cc2)CN(C(=O)NCc2ccccc2)C[C@@H]1c1ccc(C(O)(C(F)(F)F)C(F)(F)F)cc1,6.33
C[C@H](CCCOS(=O)(=O)[O-])[C@H]1CC[C@H]2[C@@H]3CC[C@H]4C[C@H](OS(=O)(=O)[O-])[C@@H](OS(=O)(=O)[O-])C[C@]4(C)[C@H]3CC[C@]12C.[Na+].[Na+].[Na+],5.28
C[C@H](Cc1ccc(O)c(O)c1)[C@@H](C)Cc1ccc(O)c(O)c1,4.81
C[C@H](Nc1cc(F)c(S(=O)(=O)Nc2cscn2)c(F)c1)c1cc(C#N)ccc1F,6.2
C[C@H](Nc1cc(F)c(S(=O)(=O)Nc2cscn2)c(F)c1)c1ccccc1F,6.6
C[C@H](Nc1cc(F)c(S(=O)(=O)Nc2cscn2)cc1Cl)c1cc(F)ccc1F,6.4
C[C@H](Nc1cc(F)c(S(=O)(=O)Nc2nccs2)cc1Cl)c1ccc(F)cc1F,6.38
C[C@H](Nc1cc(F)c(S(=O)(=O)Nc2nccs2)cc1Cl)c1cccnc1,5.52
C[C@H](c1cc(F)cc(F)c1)N(C(=O)c1ccccc1)[C@@H](C(N)=O)c1ccccc1,4.99
C[C@H](c1cc(F)cc(F)c1)N(C(=O)c1ccccc1N)[C@@H](C(N)=O)c1ccccc1,5.32
C[C@H](c1cc(F)cc(F)c1)N(C(=O)c1ccccc1O)[C@@H](C(N)=O)c1ccccc1,4.92
C[C@H]1CCCCN1c1cc(-c2ccccc2O)nnc1N,5.5600000000000005
C[C@H]1CCCCN1c1cc(-c2ccco2)nnc1N,4.9399999999999995
C[C@H]1CCCN1c1cc(-c2ccccc2O)nnc1N,6.145
C[C@H]1CCC[C@H](O)CCC/C=C/c2cc(O)cc(O)c2C(=O)O1,4.85
C[C@H]1CCC[C@H](O)CCCCCc2cc(O)cc(O)c2C(=O)O1,4.62
C[C@H]1C[C@@H]2[C@H]([C@@H](O)C[C@@]3(C)[C@H]2CC[C@]3(O)C(=O)CO)[C@@]2(C)C=CC(=O)C=C12,4.9
C[C@H]1C[C@H](C(=O)O)CC[C@H]1C(=O)N1CC[C@@]2(S(=O)(=O)c3ccccc3)c3cc(F)c(C(F)(C(F)(F)F)C(F)(F)F)cc3CC[C@@H]12,5.04
C[C@H]1Oc2cc(cnc2N)-c2c(nn(C)c2C#N)CN(C)C(=O)c2ccc(F)cc21,5.8
C[C@]1(c2ccc(F)cc2)CN(C(=O)C2CCN(C(=O)C(N)=O)CC2)C[C@H]1c1ccc(C(O)(C(F)(F)F)C(F)(F)F)cc1,6.0
C[C@]1(c2ccc(F)cc2)CN(C(=O)C2CCN(C(=O)CC#N)CC2)C[C@H]1c1ccc(C(O)(C(F)(F)F)C(F)(F)F)cc1,6.3
C[C@]1(c2ccc(F)cc2)CN(C(=O)C2CCN(C(=O)CO)CC2)C[C@H]1c1ccc(C(O)(C(F)(F)F)C(F)(F)F)cc1,5.71
C[C@]1(c2ccc(F)cc2)CN(C(=O)C2CCN(C(N)=O)CC2)C[C@H]1c1ccc(C(O)(C(F)(F)F)C(F)(F)F)cc1,5.97
C[C@]1(c2ccc(F)cc2)CN(C(=O)C2CCN(S(C)(=O)=O)CC2)C[C@H]1c1ccc(C(O)(C(F)(F)F)C(F)(F)F)cc1,6.82
C[C@]1(c2ccc(F)cc2)CN(C(=O)NCc2ccc(C#N)cc2)C[C@H]1c1ccc(C(O)(C(F)(F)F)C(F)(F)F)cc1,6.64
C[C@]1(c2ccc(F)cc2)CN(C(=O)NCc2ccc3c(c2)OCO3)C[C@H]1c1ccc(C(O)(C(F)(F)F)C(F)(F)F)cc1,6.75
C[C@]1(c2ccc(F)cc2)CN(C(=O)NCc2ccccc2)C[C@H]1c1ccc(C(O)(C(F)(F)F)C(F)(F)F)cc1,6.285
C[C@]1(c2ccc(F)cc2)CN(C(=O)NCc2ccncc2)C[C@H]1c1ccc(C(O)(C(F)(F)F)C(F)(F)F)cc1,6.22
C[C@]1(c2ccccc2)CN(C(=O)NCc2ccccc2)C[C@H]1c1ccc(C(O)(C(F)(F)F)C(F)(F)F)cc1,6.36
C[C@]1(c2ccccc2)CN(C(=O)c2ccccc2)C[C@H]1c1ccc(C(O)(C(F)(F)F)C(F)(F)F)cc1,6.13
C[C@]1(c2ccccc2)CN(CC(N)=O)C[C@H]1c1ccc(C(O)(C(F)(F)F)C(F)(F)F)cc1,6.56
C[C@]1(c2ccccc2)CN(Cc2ccccc2)C[C@H]1c1ccc(C(O)(C(F)(F)F)C(F)(F)F)cc1,6.49
C[C@]1(c2ccccc2)CN(S(C)(=O)=O)C[C@H]1c1ccc(C(O)(C(F)(F)F)C(F)(F)F)cc1,6.59
C[C@]1(c2ccccc2)CNC[C@H]1c1ccc(C(O)(C(F)(F)F)C(F)(F)F)cc1,5.9
C[C@]12C=CC(=O)C=C1C(Cl)=C[C@@H]1[C@@H]2[C@@H](O)C[C@@]2(C)[C@H]1CC[C@]2(O)C(=O)CO,5.36
C[C@]12CCC(=O)C(O)=C1CC[C@@H]1[C@@H]2CC[C@]2(C)C(=O)CC[C@@H]12,4.72
C[C@]12CC[C@@H]3c4ccc(O)cc4C[C@@H](CCCCCCCCC[S+]([O-])CCCC(F)(F)C(F)(F)F)[C@H]3[C@@H]1CC[C@@H]2O,5.355
C[Si](C)(O)c1ccc(N(CC(F)(F)F)S(=O)(=O)c2ccccc2)cc1,6.13
C[Si](C)(O)c1ccc(N(CCc2ccccc2)S(=O)(=O)c2ccccc2)cc1,4.85
C[Si](C)(O)c1ccc(N(Cc2ccccc2)S(=O)(=O)c2ccccc2)cc1,5.5
C[Si](C)(O)c1ccc(NS(=O)(=O)c2ccccc2)cc1,5.62
Cc1c(-c2ccc(O)c(O)c2)[nH]c2ccc(O)cc12,4.96
Cc1c(-c2ccc(O)c(O)c2)[nH]c2ccc(OCCCO)cc12,4.85
Cc1c(C)c(C)c(S(=O)(=O)Nc2ccc3c(c2)ncn3-c2ccc3ccccc3c2)c(C)c1C,7.26
Cc1c(C)c(C)c(S(=O)(=O)Nc2ccc3c(c2)ncn3Cc2ccccc2)c(C)c1C,8.625
Cc1c(C)c2c(c(C)c1O)CCC(C)(COc1ccc(CC3SC(=O)NC3=O)cc1)O2,4.87
Cc1c(C)c2c(c(C)c1O)CC[C@@](C)(CCCC(C)CCCC(C)CCCC(C)CO)O2,5.82
Cc1c(C)c2c(c(C)c1O)CC[C@@](C)(CCC[C@H](C)CCC[C@H](C)CCCC(C)C(=O)O)O2,5.48
Cc1c(Cl)cccc1Oc1cccn2c(C34CCC(CC3)C4)nnc12,6.82
Cc1c(Cl)cccc1Oc1cccn2c(C34CCC(F)(CC3)CC4)nnc12,6.82
Cc1c(Cl)cccc1Oc1cccn2c(C3CCCCCC3)nnc12,6.82
Cc1c(Cl)cccc1Oc1cccn2c(CC3CC4CCC3C4)nnc12,6.82
Cc1c(Cl)cccc1Oc1cccn2c([C@]34CCC(C[C@H]3O)C4(C)C)nnc12,6.82
Cc1c(Cl)nc(OC[C@H]2C[C@@H]2c2ccccn2)nc1NCc1cnn(C)c1,5.234999999999999
Cc1c([C@H](OC(C)(C)C)C(=O)O)c2n3cc(nc3c1C(C)(C)O)-c1cccc(c1)-c1cc(F)ccc1O[C@@H](C)CCCCOC1(C)CCN2CC1,6.0
Cc1cc(-c2onc(C)c2C(=O)Sc2ccccc2)no1,6.07
Cc1cc(C(=O)N[C@@H]2CC(C)(C)Oc3nc(-c4ccc(Cl)cc4Cl)c(-c4ccc(Cl)cc4)cc32)n[nH]1,5.3
Cc1cc(C)c(S(=O)(=O)Nc2ccc3c(c2)ncn3Cc2ccccc2)c(C)c1,8.455
Cc1cc(C)cc(C(=O)OC2CC3CCC(C2)N3C)c1,4.85
Cc1cc(C)cc(S(=O)(=O)Nc2ccc3c(c2)ncn3Cc2ccccc2)c1,7.48
Cc1cc(C2CCCCC2)n(O)c(=O)c1,4.58
Cc1cc(CCCOc2c(C)cc(-c3noc(C(F)(F)F)n3)cc2C)on1,6.6
Cc1cc(O)cc2c1O[C@](C)(CCC[C@H](C)CCC[C@H](C)CCCC(C)C(=O)O)CC2,5.52
Cc1cc(O)cc2c1O[C@](C)(CCC[C@H](C)CCC[C@H](C)CCCC(C)CO)CC2,5.8
Cc1cc(OC(F)F)ccc1NC(=O)c1cc(C(=O)NCc2ccc(F)cc2)c(F)cc1Cl,4.83
Cc1cc2c(OCC(CNC(C)(C)C)OC(=O)c3ccccc3)cccc2[nH]1,4.775
Cc1ccc(-c2c(C)nc(-c3cccc(F)c3O)n(CCc3ccccc3)c2=O)s1,5.6
Cc1ccc(-c2cc(C(=O)N[C@H](C)c3ccc(C(F)(F)F)nc3)cc(C(C)(C)O)c2)nc1,4.75
Cc1ccc(-c2cc(C(=O)N[C@H](C)c3ccc(F)cn3)cc(-c3ncccc3F)c2)nc1,5.22
Cc1ccc(-c2cc(C(=O)N[C@H](C)c3ccc(F)cn3)cc(C(C)(C)O)c2)nc1,5.7
Cc1ccc(-c2nc(CCc3ccccc3)c(-c3cccc(F)c3O)nc2C)s1,5.5
Cc1ccc(-n2nccn2)c(C(=O)N2CCN(c3nc4cc(Cl)ccc4o3)CC[C@H]2C)c1,5.36
Cc1ccc(/C=C2/C(=O)C3(C)CCC2C3(C)C)cc1,4.5
Cc1ccc(C(=O)Nc2ccc(CN3CCN(C)CC3)c(C(F)(F)F)c2)cc1C#Cc1cnc2cccnn12,5.06
Cc1ccc(C(=O)Nc2ccc(S(=O)(=O)O)c3cc(S(=O)(=O)O)cc(S(=O)(=O)O)c23)cc1NC(=O)c1cccc(NC(=O)Nc2cccc(C(=O)Nc3cc(C(=O)Nc4ccc(S(=O)(=O)O)c5cc(S(=O)(=O)O)cc(S(=O)(=O)O)c45)ccc3C)c2)c1,5.89
Cc1ccc(C(=O)c2cc(O)c(O)c([N+](=O)[O-])c2)cc1,5.41
Cc1ccc(C2=C(n3ccnn3)C(=O)N[C@@](c3ccc(OCCCC(F)(F)F)cc3)(C(F)(F)F)C2)cc1,5.81
Cc1ccc(C2=C(n3cnnn3)C(=O)N[C@@](c3ccc(OCCCC(F)(F)F)cc3)(C(F)(F)F)C2)cc1,6.22
Cc1ccc(C2=C(n3ncnn3)C(=O)N[C@@](c3ccc(OCCCC(F)(F)F)cc3)(C(F)(F)F)C2)cc1,6.07
Cc1ccc(N2CC(COc3ccc(-c4noc(C)n4)cc3)C2)nn1,4.5
Cc1ccc(NC(=O)C2(c3ccc4c(c3)OC(F)(F)O4)CC2)nc1-c1cccc(C(=O)O)c1,5.970000000000001
Cc1ccc(NC(=O)Nc2cc(-c3ccccc3-c3nc(=O)[nH]o3)cc3c2OCCCC3c2ccccc2)cc1,5.32
Cc1ccc(NC(=O)Nc2cc(-c3ccccc3-c3nn[nH]n3)cc3c2OC(C)(C)[C@H]3c2ccccc2)cc1,4.82
Cc1ccc(NC(=O)Nc2cc(-c3ccccc3-c3nn[nH]n3)cc3c2OCC=CC3c2ccccc2)cc1,4.11
Cc1ccc(NC(=O)Nc2cc(-c3ccccc3-c3nn[nH]n3)cc3c2OCCCC3c2ccccc2)cc1,5.05
Cc1ccc(NC(=O)Nc2cc(-c3ccccc3-c3nn[nH]n3)cc3c2O[C@@H](C)C/C=C\[C@H]3c2ccccc2)cc1,4.96
Cc1ccc(NC(=O)Nc2cc(-c3ccccc3-c3nn[nH]n3)ccc2OC(C(C)C)C(C)C)cc1,5.92
Cc1ccc(NC(=O)Nc2cc(-c3ccccc3-c3nnn[nH]3)ccc2N(CC(C)C)CC(C)C)cc1,5.85
Cc1ccc(S(=O)(=O)[C@@]2(c3ccc(C(F)(C(F)(F)F)C(F)(F)F)cc3)CCN(C(=O)[C@H]3CC[C@H](C(=O)O)CC3)C2)cc1,4.9
Cc1ccc(SC(=O)c2c(C)noc2-c2cc(C)on2)cc1,6.07
Cc1ccc2c(-c3ccccc3)nc(=O)n(C(C)C)c2c1,5.1850000000000005
Cc1ccc2c(c1)c1nc3ccccc3nc1n2C,4.15
Cc1ccc2c(c1C)N(S(=O)(=O)c1ccc(C(C)(C)C)cc1)Cc1ccc(C(F)(F)F)nc1N2,6.17
Cc1ccc2cc3c(NC(=O)CC(C)C)nn(C)c3nc2c1,4.42
Cc1cccc(C)c1NC(=O)CN1CCN(CCCC(c2ccc(F)cc2)c2ccc(F)cc2)CC1,4.8
Cc1cccc(F)c1COC(c1ccc([C@]2(S(=O)(=O)c3ccc(F)cc3)CCN(C(=O)[C@H]3CC[C@H](C(=O)O)CC3)C2)cc1)(C(F)(F)F)C(F)(F)F,5.32
Cc1cccc(N(C)C(=S)Oc2ccc3ccccc3c2)c1,5.83
Cc1cccc2cc3c(N)c(C(=O)N4CCOCC4)sc3nc12,4.16
Cc1ccccc1COC(c1ccc(C2(S(=O)(=O)c3ccc(F)cc3)CCCC2)cc1)(C(F)(F)F)C(F)(F)F,5.63
Cc1ccccc1S(=O)(=O)Nc1ccc2c(c1)ncn2Cc1ccccc1,7.35
Cc1cccn2c(C3(c4ccc(Cl)cc4)CC3)nnc12,5.06
Cc1cn(-c2cc(NC(=O)c3ccc(C)c(Nc4nccc(-c5cnccn5)n4)c3)cc(C(F)(F)F)c2)cn1,5.055
Cc1cn(-c2ccc(-c3nnc(C4(c5ccc(Cl)cc5)CCC4)n3C)c(Cl)c2)c(C2CC2)n1,5.89
Cc1cnc(Nc2ccc(OCCN3CCCC3)cc2)nc1Nc1cccc(S(=O)(=O)NC(C)(C)C)c1,5.05
Cc1cnn(Cc2ccc3c(-c4ccc(F)cc4)cc(C(N)=O)nc3c2)c1,4.78
Cc1nc(-c2cccc(F)c2O)n(CCc2ccccc2)c(=O)c1-c1ccc(-c2ccccc2)s1,5.1
Cc1nc(-c2cccc(F)c2O)n(CCc2ccccc2)c(=O)c1-c1ccc(-c2ccccn2)s1,5.3
Cc1nc(-c2cccc(F)c2O)n(CCc2ccccc2)c(=O)c1-c1ccc(CO)s1,4.89
Cc1nc(-c2cccc(F)c2O)n(CCc2ccccc2)c(=O)c1Cc1ccccc1,6.0
Cc1nc(C)c(CNc2nc(C3CC3)nc(Cl)c2C)s1,4.72
Cc1nc(C)c(CNc2nc(OCCCc3ccc4ccccc4n3)nc(Cl)c2C)s1,5.67
Cc1nc(N)nc(Nc2ccc(Cl)cc2)c1Br,4.01
Cc1nc2cc(-c3ccccc3)nn2c(-c2cc(F)c3c(c2C)CCCO3)c1[C@H](OC(C)(C)C)C(=O)O,5.24
Cc1ncc(-c2cc(C(N)=O)nc3cc(CN4C(=O)CCC4=O)ccc23)s1,5.22
Cc1ncccc1Oc1cccn2c(C3(c4ccc(Cl)cc4)CC3)nnc12,5.55
Cc1nnc(-c2ccc(-c3c(F)c(F)cc4c3C(=O)N([C@@H](C(C)(C)O)C(F)(F)F)C4)cc2)o1,4.92
Cc1nnc(-c2ccc(-c3c(F)c(F)cc4c3C(=O)N([C@H](C3CC3)C(C)(C)O)C4)cc2)o1,5.21
Cc1nnc(-c2ccc(-c3c(F)cc(F)c4c3C(=O)N([C@@H](C(C)(C)O)C(F)(F)F)C4)cc2)o1,4.85
Cc1nnc(-c2ccc(-c3c(F)cc(F)c4c3C(=O)N([C@H](C3CC3)C(C)(C)O)C4)cc2)o1,5.34
Cc1nnc(-c2ccc(-c3c(F)ccc4c3C(=O)N([C@@H](C(C)(C)O)C(F)(F)F)C4)cc2)o1,4.96
Cc1nnc(-c2ccc(-c3c(F)ccc4c3C(=O)N([C@H](C3CC3)C(C)(C)O)C4)cc2)o1,5.28
Cc1nnc(-c2ccc(-c3cc(F)c(F)c4c3C(=O)N([C@H](C3CC3)C(C)(C)O)C4)cc2)o1,4.96
Cc1nnc(-c2ccc(-c3cc(F)cc4c3C(=O)N([C@H](C3CC3)C(C)(C)O)C4)cc2)o1,4.6
Cc1nnc(-c2ccc(-c3ccc(F)c4c3C(=O)N([C@H](C3CC3)C(C)(C)O)C4)cc2)o1,5.05
Cc1nnc(-c2ccc(-c3cccc4c3C(=O)N([C@@H](C(C)(C)O)C(F)(F)F)C4)cc2)o1,4.62
Cc1nnc(-c2ccc(-c3cccc4c3C(=O)N([C@H](C3CC3)C(C)(C)O)C4)cc2)o1,4.54
Cc1nnc(CNc2cc(OC[C@H]3C[C@@H]3c3ccccn3)nc3cccnc23)s1,4.57
ClC1=C(Cl)[C@]2(Cl)[C@H]3C[C@H](Cl)[C@H](Cl)[C@H]3[C@@]1(Cl)C2(Cl)Cl,4.82
Clc1cc(Cl)c(OCC#CI)cc1Cl,5.0
Clc1ccc(-c2nc3ccccn3c2-c2cccn2Cc2ccc(Cl)c(Cl)c2)cc1,5.05
Clc1ccc(-c2nc3ccccn3c2-c2cn(Cc3ccccc3)nn2)cc1,5.69
Clc1ccc(-c2nc3ccccn3c2-c2csc(Cc3ccc(Cl)c(Cl)c3)n2)cc1,4.66
Clc1ccc(-c2nc3occn3c2/C=N/OCc2ccc(Cl)c(Cl)c2)cc1,5.89
Clc1ccc(-c2nc3sccn3c2/C=N/OCc2ccc(Cl)c(Cl)c2)cc1,6.0
Clc1ccc(C(Cn2ccnc2)OCc2c(Cl)cccc2Cl)c(Cl)c1,6.15
Clc1ccc(C(Cn2ccnc2)OCc2ccc(Sc3ccccc3)cc2)c(Cl)c1,5.395
Clc1ccc(C(Cn2ccnc2)OCc2ccsc2Cl)c(Cl)c1,5.6
Clc1ccc(C(c2ccccc2Cl)C(Cl)Cl)cc1,5.12
Clc1ccc(C2(c3nnc4c(C5CC5)cccn34)CC2)cc1,4.3
Clc1ccc(C2(c3nnc4c(C5CCC5)cccn34)CC2)cc1,6.05
Clc1ccc(C2(c3nnc4c(OC5CCC5)cccn34)CC2)cc1,5.82
Clc1ccc(C2(c3nnc4c(OC5CCCCC5)cccn34)CC2)cc1,6.22
Clc1ccc(C2(c3nnc4c(OC5CCOCC5)cccn34)CC2)cc1,5.0
Clc1ccc(C2(c3nnc4c(Oc5ccc6ccccc6c5)cccn34)CC2)cc1,6.1
Clc1ccc(C2(c3nnc4c(Oc5cccc(Cl)c5)cccn34)CC2)cc1,6.1
Clc1ccc(C2(c3nnc4c(Oc5ccccc5)cccn34)CC2)cc1,5.75
Clc1ccc(C2(c3nnc4c(Oc5ccccc5-c5ccccc5)cccn34)CC2)cc1,6.3
Clc1ccc(C2(c3nnc4c(Oc5ccccc5Cl)cccn34)CC2)cc1,6.01
Clc1ccc(C2(c3nnc4c(Oc5ccccc5N5CCOCC5)cccn34)CC2)cc1,6.4
Clc1ccc(C2(c3nnc4n3CCCCCC4)CCC2)cc1,5.8
Clc1ccc(CCC(Cn2ccnc2)Sc2c(Cl)cccc2Cl)cc1,6.07
Clc1ccc(CO/N=C/c2c(-c3ccc(-c4ccccc4)cc3)nc3sccn23)cc1Cl,4.24
Clc1ccc(CO/N=C/c2c(-c3ccc4ccccc4c3)nc3occn23)cc1Cl,5.23
Clc1ccc(COC(Cn2ccnc2)c2ccc(Cl)cc2Cl)c(Cl)c1,5.7
Clc1ccc(COC(Cn2ccnc2)c2ccc(Cl)cc2Cl)cc1,5.57
Clc1ccc(CSC(Cn2ccnc2)c2ccc(Cl)cc2Cl)cc1,5.57
Clc1ccc(Cn2c(CN3CCCC3)nc3ccccc32)cc1,4.96
Clc1ccc(Oc2cccn3c(C4(c5ccc(Cl)cc5)CC4)nnc23)cc1,5.92
Clc1ccccc1C(c1ccccc1)(c1ccccc1)n1ccnc1,5.57
Cn1c(-c2ccc(-c3ccccc3)cc2)nnc1C1(c2ccc(Cl)cc2)CCC1,5.77
Cn1c(-c2ccc(-c3ccccc3)cc2Cl)nnc1C1(c2ccc(Cl)cc2)CCC1,5.77
Cn1c(-c2ccc(-c3ccccn3)cc2Cl)nnc1C1(c2ccc(Cl)cc2)CCC1,5.62
Cn1c(-c2ccc(-c3cccnc3)cc2Cl)nnc1C1(c2ccc(Cl)cc2)CCC1,5.44
Cn1c(-c2ccc(-c3ccncc3)cc2Cl)nnc1C1(c2ccc(Cl)cc2)CCC1,5.11
Cn1c(-c2ccc(-c3ccsc3)cc2)nnc1C1(c2ccc(Cl)cc2)CCC1,5.52
Cn1c(-c2ccc(-c3cnccn3)cc2F)nnc1C1(c2ccc(Cl)cc2)CCC1,5.32
Cn1c(-c2ccc(-c3cnoc3)cc2)nnc1C1(c2ccc(Cl)cc2)CCC1,4.64
Cn1c(-c2ccc(-n3ccnc3)cc2Cl)nnc1C1(c2ccc(Cl)cc2)CCC1,4.92
Cn1c(-c2ccc(-n3ccnc3C(F)(F)F)cc2Cl)nnc1C1(c2ccc(Cl)cc2)CCC1,5.5
Cn1c(-c2ccc(-n3ccnc3S(C)(=O)=O)cc2Cl)nnc1C1(c2ccc(Cl)cc2)CCC1,5.1
Cn1c(-c2ccc(C(=O)O)cc2Cl)nnc1C1(c2ccc(Cl)cc2)CCC1,4.75
Cn1c(-c2ccc(NC(=O)c3cccs3)cc2)nnc1C1(c2ccc(Cl)cc2)CCC1,5.06
Cn1c(N)c(C(=O)Nc2ccccc2F)sc1=S,4.18
Cn1cc(-c2cc(C(N)=O)nc3cc(CN4C(=O)CCC4=O)ccc23)cn1,4.7
Cn1cc(-c2cc(C(N)=O)nc3cc(CN4CCOC(C5CC5)C4)ccc23)cn1,5.77
Cn1cc(-c2cccc3c2N(S(=O)(=O)c2ccc(C(C)(C)C)cc2)Cc2ccc(C(F)(F)F)nc2N3)cn1,5.96
Cn1cc(CNc2cc(OC[C@H]3C[C@@H]3c3ccccn3)nc3ccnn23)cn1,4.64
Cn1ccc(CCc2ccc3c(-c4ccc(F)cc4)cc(C(N)=O)nc3c2)n1,5.04
Cn1nnnc1SCC1=C(C(=O)O)N2C(=O)[C@@H](NC(=O)[C@H](O)c3ccccc3)[C@H]2SC1,5.785
FC(F)(F)Oc1ccccc1Oc1cccn2c(C3(c4ccc(Cl)cc4)CC3)nnc12,6.52
FC(F)(F)c1ccc(CO/N=C/c2c(-c3ccc4ccccc4c3)nc3occn23)cc1,5.7
Fc1ccc(-c2c3cccc(C(F)(F)F)c3nn2Cc2ccc(F)cc2Cl)cc1,5.75
Fc1ccc(-c2c3cccc(C(F)(F)F)c3nn2Cc2ccccc2F)cc1,5.67
Fc1ccc(C(c2ccccc2)(c2ccccc2F)n2ccnc2)cc1,6.25
Fc1ccccc1Oc1cccn2c(C3(c4ccc(Cl)cc4)CC3)nnc12,5.96
N#C/C(=C/c1ccccc1)c1nn(CCO)c(N)c1C#N,4.08
N#CC(c1ccc(Cl)cc1)c1c(Cl)cc(-n2ncc(=O)[nH]c2=O)cc1Cl,4.5
N#Cc1ccc(S(=O)(=O)N(CC(F)(F)F)c2ccc(C(O)(C(F)(F)F)C(F)(F)F)cc2)cc1,6.24
N#Cc1ccccc1COC(c1ccc(C2(S(=O)(=O)c3ccc(F)cc3)CCCC2)cc1)(C(F)(F)F)C(F)(F)F,6.52
N#Cc1nn(-c2c(Cl)cc(C(F)(F)F)cc2Cl)c(N)c1[S+]([O-])C(F)(F)F,4.82
N=C(NCCCCCCNC(=N)NC(=N)Nc1ccc(Cl)cc1)NC(=N)Nc1ccc(Cl)cc1,5.43
NC(=O)CC1CN(S(=O)(=O)c2ccc(F)cc2)c2ccc(C(O)(C(F)(F)F)C(F)(F)F)cc2S1,6.72
NC(=O)[C@@H](c1ccccc1)N(C(=O)c1ccccc1)[C@@H]1CCc2c(F)cc(Cl)cc21,5.33
NC(=O)[C@@H](c1ccccc1)N(C(=O)c1ccccc1)[C@@H]1CCc2c(F)cc(F)cc21,5.02
NC(=O)[C@@H](c1ccccc1)N(C(=O)c1cccnc1)[C@@H]1CCc2c(F)cc(F)cc21,4.33
NC(=O)c1cc(-c2ccc(F)cc2)c2ccc(C(N3CCOCC3)C(F)(F)F)cc2n1,5.31
NC(=O)c1cc(-c2ccc(F)cc2)c2ccc(CN3C(=O)CCC3=O)cc2n1,6.05
NC(=O)c1cc(-c2ccc(F)cc2)c2ccc(CN3CCNC(C(F)(F)F)C3)cc2n1,5.15
NC(=O)c1cc(-c2ccc(F)cc2)c2ccc(CN3CCOC(C(F)(F)F)C3)cc2n1,4.78
NC(=O)c1cc(-c2ccc(F)cc2)c2ccc(CN3CCOC3=O)cc2n1,5.01
NC(=O)c1cc(N2CCOCC2)c2ccc(CN3C(=O)CCC3=O)cc2n1,5.55
NC(=O)c1ccc(C(=O)N2CCC(N(C3CC3)S(=O)(=O)c3cccc(C(F)(F)F)c3)CC2)c(C(F)(F)F)c1,5.72
NC(c1ccc(C2(S(=O)(=O)c3ccc(F)cc3)CCCC2)cc1)(C(F)(F)F)C(F)(F)F,6.56
NS(=O)(=O)c1cc2c(cc1Cl)N=C(CSCc1ccccc1)NS2(=O)=O,4.96
NS(=O)(=O)c1cccc(NC(=O)c2cc(C(F)(F)F)cnc2N2CCC(F)(F)CC2)c1,4.64
N[C@@H](C(=O)N[C@@H]1C(=O)N2C(C(=O)O)=C(Cl)CS[C@H]12)c1ccccc1,4.66
N[C@@H](Cc1cc(I)c(Oc2cc(I)c(O)c(I)c2)c(I)c1)C(=O)O,4.734999999999999
N[C@@H](Cc1ccc(Oc2cc(I)c(O)c(I)c2)c(I)c1)C(=O)O,4.9
N[C@H](C(=O)O)[C@H](O)c1ccc(O)c(O)c1,6.95
Nc1ccc(C(=O)Nc2ccccc2N)cc1,4.55
Nc1nc(NC2CC2)c2ncn([C@H]3C=C[C@@H](CO)C3)c2n1,5.01
Nc1nccc(-c2sc(C3CCCCN3)nc2-c2cccc(NS(=O)(=O)c3cc(F)ccc3F)c2F)n1,5.29
Nc1nccc(-c2sc(C3CCCN3)nc2-c2cccc(NS(=O)(=O)c3cc(F)ccc3F)c2F)n1,5.01
Nc1nccc(-c2sc(C3CCN(C4CC4)CC3)nc2-c2cccc(NS(=O)(=O)c3cc(F)ccc3F)c2F)n1,5.21
Nc1nccc(-c2sc(C3COCCN3)nc2-c2cc(Cl)cc(NS(=O)(=O)c3cc(F)ccc3F)c2F)n1,5.64
Nc1nccc(-c2sc(C3COCCN3)nc2-c2cccc(NS(=O)(=O)c3cc(F)ccc3F)c2F)n1,4.94
Nc1nnc(-c2ccccc2O)cc1-c1ccccc1,5.36
Nc1nnc(-c2ccccc2O)cc1N1CCCC1,5.58
Nc1nnc(-c2ccccc2O)cc1N1CCCCC1,5.51
Nc1nnc(-c2ccccc2O)cc1N1CCC[C@@H]1C1CC1,6.7
O=C(/C=C/N1C[C@H]2C[C@@H]1CN2c1ccccn1)c1ccccc1O,4.75
O=C(/C=C\c1cccs1)c1c(O)ccc2ccc(=O)oc12,4.18
O=C(C1CC(F)(F)C1)N(CC12CCC(c3nc(C4CC4)no3)(CC1)CC2)c1cccc(-c2nc(C3CC3)no2)c1,6.0
O=C(C1CCC(F)(F)CC1)N(CC12CCC(c3nc(C4CC4)no3)(CC1)CC2)c1cccc(-c2nc(C3CC3)no2)c1,5.1
O=C(C1CCCC1)N1CCC(c2ccc(C(O)(C(F)(F)F)C(F)(F)F)cc2)(S(=O)(=O)c2ccc(F)cc2)C1,6.1
O=C(C1CCCCC1)N(CC12CCC(c3nc(C4CC4)no3)(CC1)CC2)c1cccc(-c2nc(C3CC3)no2)c1,5.22
O=C(C1CCOCC1)N(CC12CCC(c3nc(C4CC4)no3)(CC1)CC2)c1cccc(-c2nc(C3CC3)no2)c1,5.7
O=C(C1CCOCC1)N1CC[C@](c2ccc(C(OCc3c(F)cccc3F)(C(F)(F)F)C(F)(F)F)cc2)(S(=O)(=O)c2ccc(F)cc2)C1,4.82
O=C(C1CCS(=O)(=O)C1)N1CC[C@](c2ccc(C(F)(C(F)(F)F)C(F)(F)F)cc2)(S(=O)(=O)c2ccc(F)cc2)C1,5.14
O=C(C1CCS(=O)(=O)CC1)N(CC12CCC(c3nc(C4CC4)no3)(CC1)CC2)c1cccc(-c2nc(C3CC3)no2)c1,5.4
O=C(C1CCc2ccccc2CC1)N1Cc2cccnc2Nc2ccc(N3CCOCC3)cc21,5.5
O=C(CC1(c2ccc(F)cc2)C2CC3CC(C2)CC1C3)N1CC(O)C1,5.17
O=C(CC1CN(S(=O)(=O)c2ccc(F)cc2)c2ccc(C(O)(C(F)(F)F)C(F)(F)F)cc2S1)N1CCOCC1,6.42
O=C(CC1CN(S(=O)(=O)c2ccc(F)cc2)c2ccc(C(O)(C(F)(F)F)C(F)(F)F)cc2S1)Nc1ccncc1,6.6
O=C(CC1CN(S(=O)(=O)c2ccc(F)cc2)c2ccc(C(O)(C(F)(F)F)C(F)(F)F)cc2S1)Nc1nncs1,6.59
O=C(CCCCCCC(=O)Nc1ccccc1)NO,4.525
O=C(CCCN1CCC(O)(c2ccc(Br)cc2)CC1)c1ccc(F)cc1,5.43
O=C(Cc1cccc2ccccc12)Nc1ccc2c(c1)ncn2Cc1ccccc1,6.66
O=C(Cc1ccccc1Cl)Nc1ccc2c(c1)ncn2Cc1ccccc1,6.29
O=C(Cc1cccs1)N[C@@H]1C(=O)N2C(C(=O)[O-])=C(C[n+]3ccccc3)CS[C@H]12,5.5
O=C(N(CC12CCC(c3nc(C4CC4)no3)(CC1)CC2)c1cccc(-c2nc(C3CC3)no2)c1)C12CC(F)(C1)C2,6.0
O=C(N/N=C/c1c[nH]c2ccccc12)C1COc2ccccc2O1,4.19
O=C(N/N=C/c1ccc(-c2ccccc2[N+](=O)[O-])o1)c1cncc(Br)c1,4.03
O=C(N1CCOCC1)N1CC[C@](c2ccc(C(OCc3c(F)cccc3F)(C(F)(F)F)C(F)(F)F)cc2)(S(=O)(=O)c2ccc(F)cc2)C1,5.9
O=C(NC(=S)Nc1ccc(F)c(Cl)c1)C1CC1,4.22
O=C(NC1CCCC1)c1cc2c(ccc3ccccc32)o1,4.1
O=C(NCCNCC(O)COc1ccc(O)cc1)N1CCOCC1,4.8
O=C(Nc1ccc2c(c1)N(S(=O)(=O)c1ccc(F)cc1)CC2)c1c(F)cccc1F,5.32
O=C(Nc1ccc2c(c1)N(S(=O)(=O)c1ccc(F)cc1)CCC2)c1c(F)cccc1Cl,6.09
O=C(Nc1ccc2c(c1)N(S(=O)(=O)c1ccc(F)cc1)CCC2)c1c(F)cccc1F,5.96
O=C(Nc1ccc2c(c1)N(S(=O)(=O)c1ccc(F)cc1)CCC2)c1ccccc1Cl,6.03
O=C(Nc1ccc2c(c1)ncn2Cc1ccccc1)Nc1ccccc1Cl,5.84
O=C(Nc1ccccc1OC(=O)c1ccc(Cl)cc1)c1ccc(Cl)cc1,4.17
O=C(O)C1(C[C@H]2CN(S(=O)(=O)c3cccc(C(F)(F)F)c3)c3cc(-c4cc(F)cc(OC(F)F)c4)ccc3O2)CCOCC1,4.89
O=C(O)C1(C[C@H]2CN(S(=O)(=O)c3cccc(C(F)(F)F)c3)c3cc(-c4cc(F)cc(OC(F)F)c4)ccc3O2)COC1,5.26
O=C(O)C1(C[C@H]2CN(S(=O)(=O)c3cccc(C(F)(F)F)c3)c3cc(-c4cc(F)ccc4F)ccc3O2)COC1,4.75
O=C(O)CCCC[C@@H]1CCSS1,5.55
O=C(O)CCNc1cc(N2CCc3ccccc3CC2)nc(-c2cccnc2)n1,5.0
O=C(O)CC[C@H]1CN(S(=O)(=O)c2cccc(C(F)(F)F)c2)c2cc(/C=C/c3c(Cl)cccc3C(F)(F)F)ccc2O1,5.7
O=C(O)C[C@H](O)C[C@H](O)/C=C/c1c(C2CC2)nc2ccccc2c1-c1ccc(F)cc1,4.7
O=C(O)Cc1cccc(OCCCN(Cc2cccc(C(F)(F)F)c2Cl)CC(c2ccccc2)c2ccccc2)c1,5.7
O=C(O)[C@H]1CC[C@H](C(=O)N2CC[C@](c3ccc(C(F)(C(F)(F)F)C(F)(F)F)cc3)(S(=O)(=O)c3ccc(Cl)cc3)C2)CC1,5.19
O=C(O)[C@H]1CC[C@H](C(=O)N2CC[C@](c3ccc(C(OCc4c(F)cccc4Cl)(C(F)(F)F)C(F)(F)F)cc3)(S(=O)(=O)c3ccc(F)cc3)C2)CC1,6.2
O=C(O)[C@H]1CC[C@](F)(C(=O)N2CC[C@](c3ccc(C(F)(C(F)(F)F)C(F)(F)F)cc3)(S(=O)(=O)c3ccc(F)cc3)C2)CC1,4.97
O=C(O)c1cc(O)c2c3nc4ccccc4oc-3cc(=O)c2n1,4.57
O=C(c1ccc(OCCN2CCCCC2)cc1)c1c(-c2ccc(O)cc2)sc2cc(O)ccc12,4.93
O=C1/C(=C\c2cccs2)CCC/C1=C/c1cccs1,4.975
O=C1C(CC[S+]([O-])c2ccccc2)C(=O)N(c2ccccc2)N1c1ccccc1,4.54
O=C1CN=C(c2ccccc2)c2cc(Cl)ccc2N1CC(F)(F)F,4.7
O=C1NCCN1CCN1CCC(c2cn(-c3ccc(F)cc3)c3ccc(Cl)cc23)CC1,5.2
O=C1NCN(c2ccccc2)C12CCN(CC1COc3ccccc3O1)CC2,4.6
O=C1NCN(c2ccccc2)C12CCN(CCCC(c1ccc(F)cc1)c1ccc(F)cc1)CC2,4.75
O=C1NCN(c2ccccc2)C12CCN(CCCOc1ccc(F)cc1)CC2,4.5
O=C1Nc2ccc(Cl)cc2[C@@](C#CC2CC2)(C(F)(F)F)O1,4.72
O=C1OC[C@@H]2[C@H](CO1)[C@@]1(Cl)C(Cl)=C(Cl)[C@]2(Cl)C1(Cl)Cl,5.15
O=C1c2nc3ccccc3n2CCN1CCCCOc1ccc(OC(F)(F)F)cc1,5.11
O=S(=O)(Cc1ccccc1Cl)Nc1ccc2c(c1)ncn2Cc1ccccc1,6.75
O=S(=O)(Cc1ccccc1Cl)Nc1ccc2c(ccn2Cc2ccccc2)c1,6.71
O=S(=O)(Cc1ccccc1Cl)Nc1ccc2ncn(Cc3ccccc3)c2c1,6.42
O=S(=O)(Nc1ccc2c(c1)ncn2-c1ccc2ccccc2c1)c1ccccc1Cl,6.42
O=S(=O)(Nc1ccc2c(c1)ncn2Cc1ccccc1)c1ccc(-c2ccccc2)cc1,6.41
O=S(=O)(Nc1ccc2c(c1)ncn2Cc1ccccc1)c1ccc2ccccc2c1,7.29
O=S(=O)(Nc1ccc2c(c1)ncn2Cc1ccccc1)c1cccc2ccccc12,7.7
O=S(=O)(Nc1ccc2c(c1)ncn2Cc1ccccc1)c1ccccc1Br,7.7
O=S(=O)(Nc1ccc2c(c1)ncn2Cc1ccccc1)c1ccccc1Cl,7.22
O=S(=O)(Nc1ccc2c(c1)ncn2Cc1ccccc1)c1ccccc1F,7.0
O=S(=O)(Nc1ccc2ncn(Cc3ccccc3)c2c1)c1ccccc1Cl,6.47
O=S(=O)(Nc1cscn1)c1cc(Cl)c(NCc2c(F)cccc2CN2CCC2)cc1F,5.51
O=S(=O)(Nc1nccs1)c1cc(Cl)c(NCC23CCCN2CCC3)cc1F,4.8
O=S(=O)(c1ccc(F)cc1)C1(c2ccc(C(Cl)(C(F)(F)F)C(F)(F)F)cc2)CCCC1,6.64
O=S(=O)(c1ccc(F)cc1)C1(c2ccc(C(F)(C(F)(F)F)C(F)(F)F)cc2)CCCC1,6.0
O=S(=O)(c1ccc(F)cc1)C1(c2ccc(C(O)(C(F)(F)F)C(F)(F)F)cc2)CCCC1,8.0
O=S(=O)(c1ccc(F)cc1)C1(c2ccc(C(OCc3c(F)cccc3F)(C(F)(F)F)C(F)(F)F)cc2)CCCC1,6.33
O=S(=O)(c1ccc(F)cc1)C1(c2ccc(C(OCc3ccccc3)(C(F)(F)F)C(F)(F)F)cc2)CCCC1,6.11
O=S(=O)(c1ccc(F)cc1)C1(c2ccc(C(OCc3ccccc3-c3ccccc3)(C(F)(F)F)C(F)(F)F)cc2)CCCC1,5.84
O=S(=O)(c1ccc(F)cc1)C1(c2ccc(C(OCc3ccccc3Cl)(C(F)(F)F)C(F)(F)F)cc2)CCCC1,6.33
O=S(=O)(c1ccc(F)cc1)C1(c2ccc(C(OCc3ccccc3F)(C(F)(F)F)C(F)(F)F)cc2)CCCC1,6.2
O=S(=O)(c1ccc(F)cc1)C1(c2ccc(C(OCc3ccccc3OC(F)(F)F)(C(F)(F)F)C(F)(F)F)cc2)CCCC1,5.89
O=S(=O)(c1ccc(F)cc1)C1(c2ccc(C(Oc3ccccc3)(C(F)(F)F)C(F)(F)F)cc2)CCCC1,6.69
O=S(=O)(c1ccc(F)cc1)N(CC(F)(F)F)c1ccc(C(O)(C(F)(F)F)C(F)(F)F)cc1,6.715
O=S(=O)(c1ccc(F)cc1)N1CCCc2cc(C(O)(C(F)(F)F)C(F)(F)F)ccc21,7.6
O=S(=O)(c1ccc(F)cc1)N1CCSc2cc(C(O)(C(F)(F)F)C(F)(F)F)ccc21,7.7
O=S(=O)(c1ccc(F)cc1)[C@@]1(c2ccc(C(O)(C(F)(F)F)C(F)(F)F)cc2)CCNC1,6.36
O=S(=O)(c1ccc(F)cc1)[C@]1(c2ccc(C(O)(C(F)(F)F)C(F)(F)F)cc2)CCNC1,6.28
O=S(=O)(c1ccccc1)N(CC(F)(F)F)c1ccc(C(O)(C#Cc2ccccc2)C(F)(F)F)cc1,6.1
O=S(=O)(c1ccccc1)N(CC(F)(F)F)c1ccc(C(O)(C(F)(F)F)C(F)(F)C(F)(F)C(F)(F)F)cc1,7.85
O=S(=O)(c1ccccc1)N(CC(F)(F)F)c1ccc(C(O)(C(F)(F)F)C(F)(F)F)cc1,7.44
O=S(=O)(c1ccccc1)N(CC(F)(F)F)c1ccc(C(O)(C2CCCCC2)C(F)(F)F)cc1,8.05
O=S(=O)(c1ccccc1)N(CC(F)(F)F)c1ccc(C(O)(CC(F)(F)F)C(F)(F)F)cc1,6.75
O=S(=O)(c1ccccc1)N(CC(F)(F)F)c1ccc(C(O)(c2ccccc2)C(F)(F)F)cc1,7.5
O=S(=O)(c1ccccc1)N(CC(F)(F)F)c1ccc(C(O)C(F)(F)F)cc1,5.5
O=S(=O)(c1ccccc1)N(CC(F)(F)F)c1ccc(CO)cc1,5.05
O=[N+]([O-])c1ccc(S(=O)(=O)Nc2ccc3c(c2)ncn3Cc2ccccc2)cc1,6.47
O=[N+]([O-])c1ccccc1CS(=O)(=O)Nc1ccc2c(c1)ncn2Cc1ccccc1,6.37
O=[N+]([O-])c1ccccc1S(=O)(=O)Nc1ccc2c(c1)ncn2Cc1ccccc1,6.57
O=c1[nH]c2ccccc2n1CCCN1CCC(n2c(=O)[nH]c3cc(Cl)ccc32)CC1,4.66
O=c1[nH]c2ccccc2n1CCCN1CCN(C(c2ccccc2)c2ccccc2)CC1,5.46
O=c1c(C2=Nc3ccccc3S(=O)(=O)N2)c(O)c2cc(F)ccc2n1CCC1CC1,5.28
O=c1ccn2c(-c3ccc(F)cc3F)cccc2c1-c1c(F)cccc1F,5.48
O=c1oc2cc(O)ccc2c2oc3cc(O)ccc3c12,4.92
OC(c1cc(C(F)(F)F)nc2c(C(F)(F)F)cccc12)C1CCCCN1,4.595000000000001
OC(c1cccn2c(C3(c4ccc(Cl)cc4)CC3)nnc12)C1CC1,4.32
OCC(S)CS,4.8
OCCCc1cccn2c(C3(c4ccc(Cl)cc4)CC3)nnc12,4.6
OCc1cc([C@@H](O)CNCCCCCCOCCOCc2c(Cl)cccc2Cl)ccc1O,4.72
OCc1cccn2c(C3(c4ccc(Cl)cc4)CC3)nnc12,4.6
O[C@H](c1ccccn1)C1(c2ccc(OC(F)(F)F)cc2)CC(F)(F)C1,5.24
Oc1c(Cl)cc(Cl)c2cccnc12,4.4
Oc1c(Cl)cc(Cl)cc1Sc1cc(Cl)cc(Cl)c1O,5.45
Oc1cc(Cl)ccc1Oc1ccc(Cl)cc1Cl,4.87
Oc1ccc2c(c1)CC[C@H](c1ccccc1)[C@@H]2c1ccc(OCCN2CCCC2)cc1,5.8
Oc1ccccc1Oc1cccn2c(C3(c4ccc(Cl)cc4)CC3)nnc12,5.58
[2H]C([2H])([2H])N(C(=O)c1c(Cl)cccc1Cl)c1ccc(-c2cc(NC(C)=O)nn2C(C)C)cc1N1CC2CC2C1,6.3
[2H]C([2H])([2H])N(C(=O)c1c(F)cccc1Cl)c1ccc(-c2cc(NC(C)=O)nn2C(C)C)cc1N1CC2CC2C1,5.0
[2H]C([2H])([2H])N(C(=O)c1c(F)cccc1Cl)c1ccc(-c2cc(NC(C)=O)nn2C(C)C)cc1N1CCCC1,6.1
[2H]C([2H])([2H])N(C(=O)c1c(F)cccc1Cl)c1ccc(-c2cc(NC(C)=O)nn2C(C)C2CC2)cc1N1CC2CC2C1,6.05
[2H]C([2H])([2H])N(C(=O)c1c(F)cccc1Cl)c1ccc(-c2cc(NC(C)=O)nn2C2CCCC2)cc1N1CC2CC2C1,6.3
[2H]C([2H])([2H])N(C(=O)c1c(F)cccc1Cl)c1ccc(-c2cc(NC(C)=O)nn2CC2CC2)cc1N1CC2CC2C1,5.06
[2H]C([2H])([2H])N(C(=O)c1c(F)cccc1Cl)c1ncc(-c2cc(NC(C)=O)nn2C(C)C)cc1N1CC2CC2C1,5.89
c1cc([C@@H]2Nc3c(ccc4c3CCCC4)[C@@H]3OCC[C@H]23)cs1,5.46
c1ccc(-c2ccc(C(c3ccccc3)n3ccnc3)cc2)cc1,4.94
c1ccc(Nc2nc(-c3ccccn3)cs2)cc1,4.13
